Arcd,Prvn,Pst,Pstcd,Pstrm,Name,Term,Offcd,Gender,Eth,Bthp,Bprvn,Bpftn,Bcont,Bthd,Jnpdt,Edu_h
区域代码,省级名称,职位,职位代码,职位备注,官员姓名,任职期间,官员代码,性别,民族,籍贯,出生省,出生市,出生县,出生日期,入党时间,最高学历
110000,北京市,市长,6,,聂荣臻,1949.08-1951.02,0000013205,男,汉族,四川江津,重庆市,,江津区,1899.12,,
110000,北京市,市长,6,,彭真,1951.02-1966.05,0000004117,男,汉族,山西省曲沃县,山西省,临汾市,曲沃县,1902.10,,
110000,北京市,市长,6,代,吴德,1966.06-1967.04,0000006078,男,汉族,河北丰润,河北省,唐山市,丰润区,1913.00,,
110000,北京市,市长,6,,谢富治,1967.04-1972.03,0000006328,男,汉族,湖北省黄安（今红安）县城关镇丰岗谢家村,湖北省,黄冈市,红安县,1909.00,,
110000,北京市,市长,6,,吴德,1972.05-1978.10,0000006078,男,汉族,河北丰润,河北省,唐山市,丰润区,1913.00,,
110000,北京市,市长,6,,林乎加,1978.10-1981.01,0000002991,,,,,,,,,高中
110000,北京市,市长,6,,焦若愚,1981.01-1983.03,0000002086,男,汉族,河南省叶县,河南省,平顶山市,叶县,1915.12,,
110000,北京市,市长,6,,陈希同,1983.04-1993.02,0000000542,男,汉族,四川安岳,四川省,资阳市,安岳县,1930.06,1949.12,本科
110000,北京市,市长,6,,李其炎,1993.02-1996.10,0000011460,男,汉族,山东齐河,山东省,德州市,齐河县,1938.10,,
110000,北京市,市长,6,代,贾庆林,1996.10-1997.02,0000001961,男,汉族,河北泊头,河北省,沧州市,泊头市,1940.03,1959.12,本科
110000,北京市,市长,6,,贾庆林,1997.02-1999.02,0000001961,男,汉族,河北泊头,河北省,沧州市,泊头市,1940.03,1959.12,本科
110000,北京市,市长,6,,刘淇,1999.02-2003.01,0000003296,男,汉族,江苏武进,江苏省,常州市,武进区,1942.11,1975.09,研究生
110000,北京市,市长,6,,孟学农,2003.01-2003.04,0000003923,男,,山东蓬莱,山东省,烟台市,蓬莱市,1949.08,1972.07,研究生
110000,北京市,市长,6,代,王歧山,2003.04-2004.02,0000004693,男,汉族,山西天镇,山西省,大同市,天镇县,1948.07,1983.02,大专
110000,北京市,市长,6,,王歧山,2004.02-2007.11,0000004693,男,汉族,山西天镇,山西省,大同市,天镇县,1948.07,1983.02,大专
110000,北京市,市长,6,代,郭金龙,2007.11-2008.01,0000001353,男,汉族,江苏南京,江苏省,南京市,,1947.07,1979.04,本科
110000,北京市,市长,6,,郭金龙,2008.01-2012.07,0000001353,男,汉族,江苏南京,江苏省,南京市,,1947.07,1979.04,本科
110000,北京市,市长,6,,王安顺,2012.07-2013.01,0000005856,男,汉族,河南辉县,河南省,新乡市,辉县,1957.12,1984.03,研究生
110000,北京市,市长,6,,王安顺,2013.01-2016.10,0000005856,男,汉族,河南辉县,河南省,新乡市,辉县,1957.12,1984.03,研究生
110000,北京市,市长,6,,蔡奇,2016.-2017.,0000000141,男,汉族,福建尤溪,福建省,三明市,尤溪县,1955.12,1975.08,博士
110000,北京市,市长,6,代,陈吉宁,2017.05-2018.01,0000018930,男,汉族,吉林梨树,吉林省,四平市,梨树县,1964.02,1984.00,博士
110000,北京市,市长,6,,陈吉宁,2018.01-至今,0000018930,男,汉族,吉林梨树,吉林省,四平市,梨树县,1964.02,1984.00,博士
110000,北京市,市委书记,5,,彭真,1948.12-1966.05,0000004117,男,汉族,山西省曲沃县,山西省,临汾市,曲沃县,1902.10,,
110000,北京市,市委书记,5,,李雪峰,1966.05-1967.01,0000002723,男,,山西省永济县,山西省,运城市,永济市,1907.01,1933.10,
110000,北京市,市委书记,5,,谢富治,1967.01-1972.03,0000006328,男,汉族,湖北省黄安（今红安）县城关镇丰岗谢家村,湖北省,黄冈市,红安县,1909.00,,
110000,北京市,市委书记,5,,吴德,1972.04-1978.10,0000006078,男,汉族,河北丰润,河北省,唐山市,丰润区,1913.00,,
110000,北京市,市委书记,5,,林乎加,1978.10-1981.01,0000002991,,,,,,,,,高中
110000,北京市,市委书记,5,,段君毅,1981.01-1984.05,0000000968,男,,河南省范县白衣阁,河南省,濮阳市,范县,1910.03,,
110000,北京市,市委书记,5,,李锡铭,1984.08-1992.12,0000011593,,,河北省束鹿县,河北省,石家庄市,辛集市,1926.02,1948.03,
110000,北京市,市委书记,5,,陈希同,1992.12-1995.04,0000000542,男,汉族,四川安岳,四川省,资阳市,安岳县,1930.06,1949.12,本科
110000,北京市,市委书记,5,,尉健行,1995.04-1997.08,0000005092,男,,浙江新昌,浙江省,绍兴市,新昌县,1931.01,1949.03,大专
110000,北京市,市委书记,5,,贾庆林,1997.08-2002.10,0000001961,男,汉族,河北泊头,河北省,沧州市,泊头市,1940.03,1959.12,本科
110000,北京市,市委书记,5,,刘淇,2002.10-2012.07,0000003296,男,汉族,江苏武进,江苏省,常州市,武进区,1942.11,1975.09,研究生
110000,北京市,市委书记,5,,郭金龙,2012.07-2017.,0000001353,男,汉族,江苏南京,江苏省,南京市,,1947.07,1979.04,本科
110000,北京市,市委书记,5,,蔡奇,2017.-2017.,0000000141,男,汉族,福建尤溪,福建省,三明市,尤溪县,1955.12,1975.08,博士
120000,天津市,市长,6,,黄敬,1949.01-1952.08,0000001772,,汉族,北京市,北京市,,,1912.00,,本科
120000,天津市,市长,6,,吴德,1952.08-1955.01,0000006078,,汉族,河北丰润,河北省,唐山市,丰润区,1913.00,,
120000,天津市,市长,6,,黄火青,1955.01-1958.06,0000001755,男,,湖北省枣阳市新市杨庄村,湖北省,襄阳市,枣阳市,1901.05,,
120000,天津市,市长,6,,李耕涛,1958.06-1963.09,0000011261,,,阜平,河北省,保定市,阜平县,1912.00,1937.00,
120000,天津市,市长,6,,胡昭衡,1963.09-文革,0000010397,,,河南,河南省,,,,,
120000,天津市,市长,6,,解学恭,1967.12-1978.06,0000002100,男,汉族,山西隰县,山西省,临汾市,隰县,1916.10,1936.07,
120000,天津市,市长,6,,林乎加,1978.06-1978.10,0000002991,,,,,,,,,高中
120000,天津市,市长,6,革委会主任,陈伟达,1978.10-1980.06,0000000531,,,江苏灌云,江苏省,连云港市,灌云县,1916.00,1937.00,本科
120000,天津市,市长,6,,胡启立,1980.06-1982.04,0000010358,男,,陕西榆林,陕西省,榆林市,,1929.10,1948.04,
120000,天津市,市长,6,,李瑞环,1982.05-1989.11,0000002591,,汉族,天津宝坻,天津市,,宝坻区,1934.09,,本科
120000,天津市,市长,6,,聂璧初,1989.11-1993.05,0000003985,男,汉族,湖南桃源漆河镇,湖南省,常德市,桃源县,1928.01,1948.09,本科
120000,天津市,市长,6,,张立昌,1993.06-1998.05,0000007492,男,汉族,河北南皮,河北省,沧州市,南皮县,1939.07,1966.02,大专
120000,天津市,市长,6,,李盛霖,1998.05-2002.12,0000011511,男,汉族,江苏南通,江苏省,南通市,,1946.11,1973.06,
120000,天津市,市长,6,代,戴相龙,2002.12-2003.01,0000000774,男,,江苏省仪征市,江苏省,扬州市,仪征市,1944.11,1973.05,本科
120000,天津市,市长,6,,戴相龙,2003.01-2007.12,0000000774,男,,江苏省仪征市,江苏省,扬州市,仪征市,1944.11,1973.05,本科
120000,天津市,市长,6,代,黄兴国,2007.12-2008.01,0000001864,男,汉族,浙江象山,浙江省,宁波市,象山县,1954.10,1973.09,博士
120000,天津市,市长,6,,黄兴国,2008.01-2016.09,0000001864,男,汉族,浙江象山,浙江省,宁波市,象山县,1954.10,1973.09,博士
120000,天津市,市长,,代,王东峰,2016.09-2016.11,0000005904,男,汉族,陕西西安,陕西省,西安市,,1958.02,1980.12,研究生
120000,天津市,市长,,,王东峰,2016.11-2017.10,0000005904,男,汉族,陕西西安,陕西省,西安市,,1958.02,1980.12,研究生
120000,天津市,市长,6,,张国清,2018.01-,0000018931,男,汉族,河南罗山,河南省,信阳市,罗山县,1964.08,1984.07,博士
120000,天津市,市委书记,5,,黄克诚,1949.01-1949.06,0000001781,男,汉族,湖南省郴州市永兴县三塘乡下青村,湖南省,郴州市,永兴县,1902.10,1925.00,
120000,天津市,市委书记,5,,黄敬,1949.06-1953.04,0000001772,,汉族,北京市,北京市,,,1912.00,,本科
120000,天津市,市委书记,5,,黄火青,1953.04-1958.06,0000001755,男,,湖北省枣阳市新市杨庄村,湖北省,襄阳市,枣阳市,1901.05,,
120000,天津市,市委书记,5,,万晓塘,1958.06-1966.09,0000014437,,,,,,,1916.00,,
120000,天津市,市委书记,5,,解学恭,1967.01-1978.06,0000002100,男,汉族,山西隰县,山西省,临汾市,隰县,1916.10,1936.07,
120000,天津市,市委书记,5,,林乎加,1978.06-1978.10,0000002991,,,,,,,1968.07,,高中
120000,天津市,市委书记,5,,陈伟达,1978.10-1984.10,0000000531,,,江苏灌云,江苏省,连云港市,灌云县,1916.00,1937.00,本科
120000,天津市,市委书记,5,,倪志福,1984.10-1987.09,0000013198,,汉族,江苏省川沙县(今属上海市浦东新区),上海市,,浦东新区,1933.05,1958.10,大专
120000,天津市,市委书记,5,,李瑞环,1987.09-1989.10,0000002591,,汉族,天津宝坻,天津市,,宝坻区,1934.09,,本科
120000,天津市,市委书记,5,,谭绍文,1989.10-1993.02,0000014223,男,,四川成都,四川省,成都市,,1928.07,1955.05,
120000,天津市,市委书记,5,代,聂璧初,1993.02-1993.03,0000003985,男,汉族,湖南桃源漆河镇,湖南省,常德市,桃源县,1928.01,1948.09,本科
120000,天津市,市委书记,5,,高德占,1993.03-1997.08,0000001171,男,汉族,山东栖霞,山东省,烟台市,栖霞市,1932.08,1950.04,本科
120000,天津市,市委书记,5,,张立昌,1997.08-2007.03,0000007492,男,汉族,河北南皮,河北省,沧州市,南皮县,1939.07,1966.02,大专
120000,天津市,市委书记,5,,张高丽,2007.03-2012.11,0000007281,男,汉族,福建晋江,福建省,泉州市,晋江市,1946.11,1973.12,本科
120000,天津市,市委书记,5,,孙春兰,2012.11-2014.12,0000005536,女,汉族,河北饶阳,河北省,衡水市,饶阳县,1950.05,1973.05,研究生
120000,天津市,市委书记,5,代,黄兴国,2014.12-2016.09,0000001864,男,汉族,浙江象山,浙江省,宁波市,象山县,1954.10,1973.09,博士
120000,天津市,市委书记,5,,李鸿忠,2016.-至今,0000002382,男,汉族,山东昌乐,山东省,潍坊市,昌乐县,1956.08,1976.12,本科
130000,河北省,省长,2,,杨秀峰,1949.08-1952.12,0000016354,男,苗族,,,,,1967.08,,
130000,河北省,省长,2,,林铁,1952.11-1958.04,0000003039,,,四川万县,重庆市,,万州区,1904.11,1926.11,
130000,河北省,省长,2,,刘子厚,1958.04-文革,0000003504,,汉族,河北省任县,河北省,邢台市,任县,1909.00,1929.10,
130000,河北省,省长,2,,李雪峰,1968.02-1970.12,0000002723,男,,山西省永济县,山西省,运城市,永济市,1907.01,1933.10,
130000,河北省,省长,2,革委会主任,刘子厚,1971.02-1979.12,0000003504,,汉族,河北省任县,河北省,邢台市,任县,1909.00,1929.10,
130000,河北省,省长,2,,李尔重,1980.01-1982.08,0000011233,男,汉族,河北丰润,河北省,唐山市,丰润区,1913.01,1932.00,
130000,河北省,省长,2,,刘秉彦,1982.08-1983.04,0000012071,,汉族,河北省蠡县,河北省,保定市,蠡县,1915.03,1937.00,
130000,河北省,省长,2,,解峰,1986.05-1988.05,0000010905,,,河北易县,河北省,保定市,易县,,1939.00,
130000,河北省,省长,2,,岳歧峰,1988.05-1990.06,0000007144,男,汉族,河北大名,河北省,邯郸市,大名县,1931.12,1945.01,
130000,河北省,省长,2,代,程维高,1990.07-1991.04,0000000673,男,汉族,江苏苏州,江苏省,苏州市,,1933.09,,大专
130000,河北省,省长,2,,程维高,1991.04-1993.05,0000000673,男,汉族,江苏苏州,江苏省,苏州市,,1933.09,,大专
130000,河北省,省长,2,,叶连松,1993.05-1998.11,0000006968,男,汉族,山东莱阳,山东省,烟台市,莱阳市,1935.03,1958.12,本科
130000,河北省,省长,2,代,钮茂生,1998.11-1999.02,0000004014,男,满族,北京市,北京市,,,1939.10,,本科
130000,河北省,省长,2,,钮茂生,1999.02-2002.12,0000004014,男,满族,北京市,北京市,,,1939.10,,本科
130000,河北省,省长,2,代,季允石,2002.12-2003.01,0000001943,男,汉族,江苏海门,江苏省,南通市,海门市,1945.09,1975.08,本科
130000,河北省,省长,2,,季允石,2003.01-2006.09,0000001943,男,汉族,江苏海门,江苏省,南通市,海门市,1945.09,1975.08,本科
130000,河北省,省长,2,代,郭庚茂,2006.10-2007.01,0000001335,男,汉族,河北冀州,河北省,衡水市,冀州区,1950.12,1972.03,研究生
130000,河北省,省长,2,,郭庚茂,2007.01-2008.03,0000001335,男,汉族,河北冀州,河北省,衡水市,冀州区,1950.12,1972.03,研究生
130000,河北省,省长,2,代,胡春华,2008.04-2009.01,0000001626,男,汉族,湖北五峰,湖北省,宜昌市,五峰土家族自治县,1963.04,1983.04,研究生
130000,河北省,省长,2,,胡春华,2009.01-2009.11,0000001626,男,汉族,湖北五峰,湖北省,宜昌市,五峰土家族自治县,1963.04,1983.04,研究生
130000,河北省,省长,2,代,陈全国,2009.12-2010.01,0000000480,,汉族,河南平舆,河南省,驻马店市,平舆县,1955.11,1976.02,博士
130000,河北省,省长,2,,陈全国,2010.01-2011.08,0000000480,,汉族,河南平舆,河南省,驻马店市,平舆县,1955.11,1976.02,博士
130000,河北省,省长,2,代,张庆伟,2011.08-2012.01,0000007549,男,汉族,河北乐亭,河北省,唐山市,乐亭县,1961.11,1992.12,博士
130000,河北省,省长,2,,张庆伟,2012.01-2017.03,0000007549,男,汉族,河北乐亭,河北省,唐山市,乐亭县,1961.11,1992.12,博士
130000,河北省,省长,2,,许勤,2017.04-至今,0000006540,男,汉族,江苏连云港,江苏省,连云港市,,1961.10,1982.01,博士
130000,河北省,省委书记,1,,林铁,1949.08-1966.08,0000003039,,,四川万县,重庆市,,万州区,1904.11,1926.11,
130000,河北省,省委书记,1,,刘子厚,1966.08-1979.12,0000003504,,汉族,河北省任县,河北省,邢台市,任县,1909.00,1929.10,
130000,河北省,省委书记,1,,江一真,1979.12-1982.06,0000002009,男,,福建省连城县庙前镇,福建省,龙岩市,连城县,1915.03,1934.00,
130000,河北省,省委书记,1,,高扬,1982.06-1985.05,0000001221,,,辽宁省辽阳县,辽宁省,辽阳市,辽阳县,1909.09,1936.12,预科
130000,河北省,省委书记,1,,张曙光,1983.04-1986.03,0000007598,男,汉族,河北省饶阳县,河北省,衡水市,饶阳县,1922.10,,
130000,河北省,省委书记,1,,邢崇智,1985.05-1993.01,0000015769,,,河北涉县,河北省,邯郸市,涉县,1927.08,,初中
130000,河北省,省委书记,1,,程维高,1993.01-1998.10,0000000673,男,汉族,江苏苏州,江苏省,苏州市,,1933.09,,大专
130000,河北省,省委书记,1,,叶连松,1998.10-2000.06,0000006968,男,汉族,山东莱阳,山东省,烟台市,莱阳市,1935.03,1958.12,本科
130000,河北省,省委书记,1,,王旭东,2000.06-2002.11,0000014996,男,汉族,江苏盐城,江苏省,盐城市,,1946.01,1972.02,本科
130000,河北省,省委书记,1,,白克明,2002.11-2007.08,0000000059,男,汉族,陕西靖边,陕西省,榆林市,靖边县,1943.10,1975.06,本科
130000,河北省,省委书记,1,,张云川,2007.08-2011.08,0000007783,男,汉族,浙江东阳,浙江省,金华市,东阳市,1946.10,1973.06,本科
130000,河北省,省委书记,1,,张庆黎,2011.08-2013.03,0000007548,男,汉族,山东东平,山东省,泰安市,东平县,1951.01,1973.02,研究生
130000,河北省,省委书记,1,,周本顺,2013.03-2015.07,0000005235,,,湖南溆浦,湖南省,怀化市,溆浦县,1953.02,1971.09,博士
130000,河北省,省委书记,1,,赵克志,2015.07-2017.,0000007910,男,汉族,山东莱西,山东省,青岛市,莱西市,1953.12,1975.01,研究生
130000,河北省,省委书记,1,,王东峰,2017.10-2018.01,0000005904,男,汉族,陕西西安,陕西省,西安市,,1958.02,1980.12,研究生
140000,山西省,省长,2,,程子华,1949.07-1951.02,0000000689,男,汉族,山西省运城市解州镇,山西省,运城市,,1905.06,,
140000,山西省,省长,2,,赖若愚,1951.02-1952.05,0000002185,,汉族,山西五台,山西省,忻州市,五台县,1910.00,1929.10,本科
140000,山西省,省长,2,,裴丽生,1952.05-1956.04,0000013320,女,,山西垣曲县,山西省,运城市,垣曲县,1906.10,1933.00,
140000,山西省,省长,2,,王世英,1956.04-1958.12,0000014867,,,山西洪洞,山西省,临汾市,洪洞县,,,
140000,山西省,省长,2,,卫恒,1958.12-1965.12,0000005086,,汉族,山西省陵川县,山西省,晋城市,陵川县,1915.05,,
140000,山西省,省长,2,,王谦,1965.12-1967.01,0000004696,男,汉族,山西平定,山西省,阳泉市,平定县,1917.02,1936.11,
140000,山西省,省长,2,,刘格平,1967.03-1971.04,0000003147,,回族,河北省孟村回族自治县大堤东村,河北省,沧州市,孟村回族自治县,1904.08,,
140000,山西省,省长,2,,谢振华,1971.04-1975.05,0000006370,,汉族,,,,,1916.09,,
140000,山西省,省长,2,革委会主任,王谦,1975.05-1979.12,0000004696,男,汉族,山西平定,山西省,阳泉市,平定县,1917.02,1936.11,
140000,山西省,省长,2,,罗贵波,1979.12-1983.04,0000012704,,汉族,江西赣州,江西省,赣州市,,1907.07,1927.01,
140000,山西省,省长,2,,王森浩,1983.04-1992.08,0000014833,男,汉族,浙江慈溪,浙江省,宁波市,慈溪市,1933.01,,大专
140000,山西省,省长,2,代,胡富国,1992.07-1993.01,0000001631,男,汉族,山西省长治市长子县下霍村,山西省,长治市,长子县,1937.10,1959.12,本科
140000,山西省,省长,2,,胡富国,1993.01-1993.09,0000001631,男,汉族,山西省长治市长子县下霍村,山西省,长治市,长子县,1937.10,1959.12,本科
140000,山西省,省长,2,代,孙文盛,1993.09-1994.03,0000005609,男,汉族,山东威海,山东省,威海市,,1942.02,1966.02,大专
140000,山西省,省长,2,,孙文盛,1994.03-1999.06,0000005609,男,汉族,山东威海,山东省,威海市,,1942.02,1966.02,大专
140000,山西省,省长,2,代,刘振华,1999.07-2000.01,0000003473,男,汉族,山东省莱芜市,山东省,莱芜市,,1940.05,1974.09,本科
140000,山西省,省长,2,,刘振华,2000.01-2004.01,0000003473,男,汉族,山东省莱芜市,山东省,莱芜市,,1940.05,1974.09,本科
140000,山西省,省长,2,代,张宝顺,2004.01-2004.02,0000007185,男,汉族,河北秦皇岛,河北省,秦皇岛市,,1950.02,1971.04,研究生
140000,山西省,省长,2,,张宝顺,2004.02-2005.07,0000007185,男,汉族,河北秦皇岛,河北省,秦皇岛市,,1950.02,1971.04,研究生
140000,山西省,省长,2,代,于幼军,2005.07-2006.01,0000007057,男,汉族,江苏丰县,江苏省,徐州市,丰县,1953.01,1976.06,博士
140000,山西省,省长,2,,于幼军,2006.01-2007.08,0000007057,男,汉族,江苏丰县,江苏省,徐州市,丰县,1953.01,1976.06,博士
140000,山西省,省长,2,代,孟学农,2007.09-2008.01,0000003923,男,,山东蓬莱,山东省,烟台市,蓬莱市,1949.08,1972.07,研究生
140000,山西省,省长,2,,孟学农,2008.01-2008.09,0000003923,男,,山东蓬莱,山东省,烟台市,蓬莱市,1949.08,1972.07,研究生
140000,山西省,省长,2,代,王君,2008.09-2009.01,0000004590,男,汉族,山西大同,山西省,大同市,大同县,1952.03,1977.07,研究生
140000,山西省,省长,2,,王君,2009.01-2012.12,0000004590,男,汉族,山西大同,山西省,大同市,大同县,1952.03,1977.07,研究生
140000,山西省,省长,2,代,李小鹏,2012.12-2013.01,0000002694,男,汉族,四川省成都市,四川省,成都市,,1959.06,1985.05,本科
140000,山西省,省长,2,,李小鹏,2013.01-2016.08,0000002694,男,汉族,四川省成都市,四川省,成都市,,1959.06,1985.05,本科
140000,山西省,省长,2,代,楼阳生,2016.08-2016.11,0000012570,男,汉族,浙江浦江,浙江省,金华市,浦江县,1959.10,1981.11,研究生
140000,山西省,省长,2,,楼阳生,2016.11-至今,0000012570,男,汉族,浙江浦江,浙江省,金华市,浦江县,1959.10,1981.11,研究生
140000,山西省,省委书记,1,,程子华,1949.08-1950.09,0000000689,男,汉族,山西省运城市解州镇,山西省,运城市,盐湖区,1905.06,,
140000,山西省,省委书记,1,,赖若愚,1950.09-1952.01,0000002185,,汉族,山西五台,山西省,忻州市,五台县,1910.00,1929.10,本科
140000,山西省,省委书记,1,代,解学恭,1952.02-1952.07,0000002100,男,汉族,山西隰县,山西省,临汾市,隰县,1916.10,1936.07,
140000,山西省,省委书记,1,,高克林,1952.07-1953.04,0000009659,,汉族,,,,,1907.00,,
140000,山西省,省委书记,1,,陶鲁笳,1953.04-1965.08,0000014323,男,,江苏溧阳,江苏省,常州市,溧阳市,1917.02,,
140000,山西省,省委书记,1,,卫恒,1965.08-文革初,0000005086,,汉族,山西省陵川县,山西省,晋城市,陵川县,1915.05,,
140000,山西省,省委书记,1,,谢振华,1971.04-1975.05,0000006370,,汉族,,,,,1916.09,,
140000,山西省,省委书记,1,,王谦,1975.05-1980.10,0000004696,男,汉族,山西平定,山西省,阳泉市,平定县,1917.02,1936.11,
140000,山西省,省委书记,1,,霍士廉,1980.10-1983.03,0000001922,,,山西省忻县,山西省,忻州市,,1909.04,,
140000,山西省,省委书记,1,,李立功,1983.03-1991.03,0000011414,,,,,,,1925.00,,
140000,山西省,省委书记,1,,王茂林,1991.03-1993.09,0000004640,男,汉族,江苏启东,江苏省,南通市,启东市,1934.12,1956.06,
140000,山西省,省委书记,1,,胡富国,1993.09-1999.06,0000001631,男,汉族,山西省长治市长子县下霍村,山西省,长治市,长子县,1937.10,1959.12,本科
140000,山西省,省委书记,1,,田成平,1999.06-2005.06,0000005768,男,汉族,河北大名,河北省,邯郸市,大名县,1945.01,,本科
140000,山西省,省委书记,1,,张宝顺,2005.07-2010.05,0000007185,男,汉族,河北秦皇岛,河北省,秦皇岛市,,1950.02,1971.04,研究生
140000,山西省,省委书记,1,,袁纯清,2010.05-2014.08,0000007107,男,汉族,湖南省汉寿县,湖南省,常德市,汉寿县,1952.03,1971.10,博士
140000,山西省,省委书记,1,,王儒林,2014.08-2016.06,0000004735,男,汉族,河南濮阳,河南省,濮阳市,,1953.04,1973.11,研究生
140000,山西省,省委书记,1,,骆惠宁,2016.06-至今,0000003706,男,汉族,浙江义乌,浙江省,金华市,义乌市,1954.10,1982.03,博士
150000,内蒙古自治区,自治区党委书记,3,,乌兰夫,1947.07-1966.08,0000006050,,蒙古族,,,,,1906.12,,小学
150000,内蒙古自治区,自治区党委书记,3,,解学恭,1966.08-1971.05,0000002100,男,汉族,山西隰县,山西省,临汾市,隰县,1916.10,1936.07,
150000,内蒙古自治区,自治区党委书记,3,,尤太忠,1971.05-1978.10,0000007025,男,汉族,,,,,1918.12,,
150000,内蒙古自治区,自治区党委书记,3,,周惠,1978.10-1986.03,0000005269,,,,,,,1918.00,,专科
150000,内蒙古自治区,自治区党委书记,3,,张曙光,1986.03-1987.09,0000007598,男,汉族,河北省饶阳县,河北省,衡水市,饶阳县,1922.10,,
150000,内蒙古自治区,自治区党委书记,3,,王群,1987.08-1994.08,0000004720,,汉族,,,,,1926.09,,
150000,内蒙古自治区,自治区党委书记,3,,刘明祖,1994.08-2001.08,0000012253,男,汉族,,,,,1968.06,,
150000,内蒙古自治区,自治区党委书记,3,,储波,2001.08-2009.11,0000000702,男,汉族,安徽桐城,安徽省,安庆市,桐城市,1944.10,1969.10,本科
150000,内蒙古自治区,自治区党委书记,3,,胡春华,2009.11-2012.12,0000001626,男,汉族,湖北五峰,湖北省,宜昌市,五峰土家族自治县,1963.04,1983.04,研究生
150000,内蒙古自治区,自治区党委书记,3,,王君,2012.12-2016.08,0000004590,男,汉族,山西大同,山西省,大同市,大同县,1952.03,1977.07,研究生
150000,内蒙古自治区,自治区党委书记,3,,李纪恒,2016.08-2017.01,0000002395,男,汉族,广西贵港,广西壮族自治区,贵港市,,1957.01,1976.10,博士
150000,内蒙古自治区,自治区主席,4,,乌兰夫,1947.05-1967.11,0000006050,,蒙古族,,,,,1906.12,,小学
150000,内蒙古自治区,自治区主席,4,,滕海清,1967.11-1971.05,0000014336,,汉族,,,,,1909.03,,
150000,内蒙古自治区,自治区主席,4,,尤太忠,1971.05-1978.10,0000007025,男,汉族,,,,,1918.12,,
150000,内蒙古自治区,自治区主席,4,,孔飞,1978.10-1982.12,0000011028,,蒙古族,,,,,1911.00,,
150000,内蒙古自治区,自治区主席,4,,布赫,1982.12-1993.05,0000000121,男,蒙古族,内蒙古自治区土默特左旗,内蒙古自治区,呼和浩特市,土默特左旗,1926.00,1942.07,本科
150000,内蒙古自治区,自治区主席,4,,乌力吉,1993.05-1998.01,0000015298,,蒙古族,,,,,1933.08,,
150000,内蒙古自治区,自治区主席,4,,云布龙,1998.01-2000.06,0000016806,男,蒙古族,内蒙古土默特,内蒙古自治区,呼和浩特市,土默特左旗,1937.12,1958.00,本科
150000,内蒙古自治区,自治区主席,4,,乌云其木格,2000.08-2003.03,0000015300,女,,,,,,,,
150000,内蒙古自治区,自治区主席,4,,杨晶,2003.04-2008.04,0000006755,男,蒙古族,内蒙古准格尔旗,内蒙古自治区,鄂尔多斯市,准格尔旗,1953.12,1976.08,研究生
150000,内蒙古自治区,自治区主席,4,代,巴特尔,2008.04-2009.01,0000000047,男,,辽宁康平,辽宁省,沈阳市,康平县,1955.02,1981.12,研究生
150000,内蒙古自治区,自治区主席,4,,巴特尔,2009.01-2016.03,0000000047,男,,辽宁康平,辽宁省,沈阳市,康平县,1955.02,1981.12,研究生
150000,内蒙古自治区,自治区主席,4,代,布小林,2016.03-2016.04,0000000122,女,蒙古族,内蒙古土默特左旗,内蒙古自治区,呼和浩特市,土默特左旗,1958.08,1985.06,博士
150000,内蒙古自治区,自治区主席,4,,布小林,2016.04-至今,0000000122,女,蒙古族,内蒙古土默特左旗,内蒙古自治区,呼和浩特市,土默特左旗,1958.08,1985.06,博士
210000,辽宁省,省长,2,,杜青衡,1954.08-1958.12,0000009313,,,,,,,,,
210000,辽宁省,省长,2,,黄欧东,1958.10-1966.,0000001797,,汉族,江西永丰,江西省,吉安市,永丰县,1905.09,1925.06,
210000,辽宁省,省长,2,,陈锡联,1968.05-1973.07,0000000544,,汉族,湖北省红安县,湖北省,黄冈市,红安县,1915.01,1930.00,
210000,辽宁省,省长,2,,曾绍山,1975.07-1978.09,0000000209,,,安徽省金寨县,安徽省,六安市,金寨县,1914.00,1933.00,
210000,辽宁省,省长,2,,任仲夷,1978.09-1980.01,0000004279,,汉族,河北邢台威县西小庄,河北省,邢台市,威县,1914.09,,
210000,辽宁省,省长,2,,陈璞如,1980.01-1983.04,0000000463,,汉族,山东博兴,山东省,滨州市,博兴县,1918.03,1937.00,
210000,辽宁省,省长,2,,全树仁,1983.04-1986.07,0000004236,,,辽宁省新民县,辽宁省,沈阳市,新民市,1930.08,,
210000,辽宁省,省长,2,代,李长春,1986.07-1987.03,0000002804,,汉族,,,,,1944.02,,本科
210000,辽宁省,省长,2,,李长春,1987.03-1990.07,0000002804,,汉族,,,,,1944.02,,本科
210000,辽宁省,省长,2,代,岳歧峰,1990.07-1991.03,0000007144,男,汉族,河北大名,河北省,邯郸市,大名县,1931.12,1945.01,
210000,辽宁省,省长,2,,岳歧峰,1991.03-1994.04,0000007144,男,汉族,河北大名,河北省,邯郸市,大名县,1931.12,1945.01,
210000,辽宁省,省长,2,代,闻世震,1994.05-1995.02,0000006046,男,汉族,辽宁海城,辽宁省,鞍山市,海城市,1940.01,,本科
210000,辽宁省,省长,2,,闻世震,1995.02-1998.01,0000006046,男,汉族,辽宁海城,辽宁省,鞍山市,海城市,1940.01,,本科
210000,辽宁省,省长,2,,张国光,1998.01-2000.11,0000007310,男,汉族,辽宁绥中,辽宁省,葫芦岛市,绥中县,1945.04,1966.02,本科
210000,辽宁省,省长,2,代,薄熙来,2000.12-2001.02,0000000095,男,汉族,山西定襄,山西省,忻州市,定襄县,1949.07,1980.10,研究生
210000,辽宁省,省长,2,,薄熙来,2001.02-2004.02,0000000095,男,汉族,山西定襄,山西省,忻州市,定襄县,1949.07,1980.10,研究生
210000,辽宁省,省长,2,代,张文岳,2004.02-2004.02,0000007666,男,汉族,福建浦城,福建省,南平市,浦城县,1944.10,1965.06,
210000,辽宁省,省长,2,,张文岳,2004.02-2007.12,0000007666,男,汉族,福建浦城,福建省,南平市,浦城县,1944.10,1965.06,
210000,辽宁省,省长,2,代,陈政高,2007.12-2008.01,0000000612,男,汉族,辽宁海城,辽宁省,鞍山市,海城市,1952.03,1972.02,大专
210000,辽宁省,省长,2,,陈政高,2008.01-2014.04,0000000612,男,汉族,辽宁海城,辽宁省,鞍山市,海城市,1952.03,1972.02,大专
210000,辽宁省,省长,2,代,李希,2014.05-2014.10,0000002679,男,汉族,甘肃两当,甘肃省,两当县,陇南市,1956.10,1982.01,研究生
210000,辽宁省,省长,2,,李希,2014.10-2015.04,0000002679,男,汉族,甘肃两当,甘肃省,两当县,陇南市,1956.10,1982.01,研究生
210000,辽宁省,省长,2,代,陈求发,2015.05-2015.06,0000000478,男,,湖南城步,湖南省,邵阳市,城步苗族自治县,1954.12,1974.09,本科
210000,辽宁省,省长,2,,陈求发,2015.06-2017.10,0000000478,男,,湖南城步,湖南省,邵阳市,城步苗族自治县,1954.12,1974.09,本科
210000,辽宁省,省长,2,代,唐一军,2017.10-2018.01,0000018932,男,汉族,山东莒县,山东省,日照市,莒县,1961.03,1985.10,研究生
210000,辽宁省,省长,2,,唐一军,2018.01-至今,0000018932,男,汉族,山东莒县,山东省,日照市,莒县,1961.03,1985.10,研究生
210000,辽宁省,省委书记,1,,黄欧东,1954.07-1958.06,0000001797,,汉族,江西永丰,江西省,吉安市,永丰县,1905.09,1925.06,
210000,辽宁省,省委书记,1,,黄火青,1959.09-文革,0000001755,男,,湖北省枣阳市新市杨庄村,湖北省,襄阳市,枣阳市,1901.05,,
210000,辽宁省,省委书记,1,,陈锡联,1971.01-1973.12,0000000544,,汉族,湖北省红安县,湖北省,黄冈市,红安县,1915.01,1930.00,
210000,辽宁省,省委书记,1,,曾绍山,1975.09-1978.09,0000000209,,,安徽省金寨县,安徽省,六安市,金寨县,1914.00,1933.00,
210000,辽宁省,省委书记,1,,任仲夷,1978.09-1980.11,0000004279,,汉族,河北邢台威县西小庄,河北省,邢台市,威县,1914.09,,
210000,辽宁省,省委书记,1,,郭峰,1980.11-1985.06,0000001331,男,,吉林省德惠县郭家镇西刘家屯,吉林省,长春市,德惠市,1915.03,,
210000,辽宁省,省委书记,1,,李贵鲜,1985.06-1986.04,0000002346,男,汉族,辽宁盖州,辽宁省,营口市,盖州市,1937.08,1962.07,本科
210000,辽宁省,省委书记,1,,全树仁,1986.04-1993.10,0000004236,,,辽宁省新民县,辽宁省,沈阳市,新民市,1930.08,,
210000,辽宁省,省委书记,1,,顾金池,1993.09-1997.08,0000001297,,汉族,河北雄县,河北省,保定市,雄县,1932.02,1949.10,
210000,辽宁省,省委书记,1,,闻世震,1997.08-2004.12,0000006046,男,汉族,辽宁海城,辽宁省,鞍山市,海城市,1940.01,,本科
210000,辽宁省,省委书记,1,,李克强,2004.12-2007.10,0000002486,男,汉族,安徽定远,安徽省,滁州市,定远县,1955.07,1976.05,博士
210000,辽宁省,省委书记,1,,张文岳,2007.10-2009.11,0000007666,男,汉族,福建浦城,福建省,南平市,浦城县,1944.10,1965.06,
210000,辽宁省,省委书记,1,,王珉,2009.11-2015.04,0000004648,男,汉族,安徽省淮南,安徽省,淮南市,,1950.03,1985.07,博士
210000,辽宁省,省委书记,1,,李希,2015.05-2017.,0000002679,男,汉族,甘肃两当,甘肃省,陇南市,两当县,1956.10,1982.01,研究生
210000,辽宁省,省委书记,1,,陈求发,2017.10-至今,0000000478,男,,湖南城步,湖南省,邵阳市,城步苗族自治县,1954.12,1974.09,本科
220000,吉林省,省长,2,,周持衡,1950.04-1952.03,0000017884,,,浙江绍兴,浙江省,绍兴市,,1915.00,,
220000,吉林省,省长,2,,栗又文,1952.04-文革,0000011792,,,辽阳县立开堡村,辽宁省,辽阳市,辽阳县,1901.08,,
220000,吉林省,省长,2,,王维湘,1968.03-1977.02,0000004807,,,,,,,,,
220000,吉林省,省长,2,,王恩茂,1977.02-1980.04,0000005914,男,汉族,江西永新,江西省,吉安市,永新县,1913.05,,
220000,吉林省,省长,2,,于克,1980.04-1982.06,0000016623,,汉族,吉林省长春市,吉林省,长春市,,1913.00,1932.01,
220000,吉林省,省长,2,,张根生,1982.01-1983.04,0000007284,,,河北安平,河北省,衡水市,安平县,1923.03,,
220000,吉林省,省长,2,,赵修,1983.04-1985.05,0000007998,,,井陉县,河北省,石家庄市,井陉县,1921.00,,
220000,吉林省,省长,2,,高德占,1985.06-1987.06,0000001171,男,汉族,山东栖霞,山东省,烟台市,栖霞市,1932.08,1950.04,本科
220000,吉林省,省长,2,代,何竹康,1987.06-1988.01,0000001558,,,江苏启东,江苏省,南通市,启东市,1932.00,,
220000,吉林省,省长,2,,何竹康,1988.01-1989.01,0000001558,,,江苏启东,江苏省,南通市,启东市,1932.00,,
220000,吉林省,省长,2,代,王忠禹,1989.01-1989.03,0000005043,男,汉族,吉林长春,吉林省,长春市,,1933.02,1956.05,大专
220000,吉林省,省长,2,,王忠禹,1989.03-1992.03,0000005043,男,汉族,吉林长春,吉林省,长春市,,1933.02,1956.05,大专
220000,吉林省,省长,2,,高严,1992.03-1995.06,0000001220,男,汉族,吉林榆树,吉林省,榆树市,榆树市,1942.12,,研究生
220000,吉林省,省长,2,代,王云坤,1995.06-1996.02,0000004964,,,江苏溧阳,江苏省,常州市,溧阳市,1942.12,1966.04,本科
220000,吉林省,省长,2,,王云坤,1996.02-1998.09,0000004964,,,江苏溧阳,江苏省,常州市,溧阳市,1942.12,1966.04,本科
220000,吉林省,省长,2,代,洪虎,1998.09-1999.02,0000001577,女,,,,,,1940.00,1965.00,本科
220000,吉林省,省长,2,,洪虎,1999.02-2004.10,0000001577,女,,,,,,1940.00,1965.00,本科
220000,吉林省,省长,2,代,王珉,2004.10-2005.01,0000004648,男,汉族,安徽省淮南,安徽省,淮南市,,1950.03,1985.07,博士
220000,吉林省,省长,2,,王珉,2005.01-2006.11,0000004648,男,汉族,安徽省淮南,安徽省,淮南市,,1950.03,1985.07,博士
220000,吉林省,省长,2,代,韩长赋,2006.12-2007.01,0000001463,,,,,,,1954.10,,博士
220000,吉林省,省长,2,,韩长赋,2007.01-2009.11,0000001463,,,,,,,1954.10,,博士
220000,吉林省,省长,2,代,王儒林,2009.12-2010.01,0000004735,男,汉族,河南濮阳,河南省,濮阳市,,1953.04,1973.11,研究生
220000,吉林省,省长,2,,王儒林,2010.01-2012.12,0000004735,男,汉族,河南濮阳,河南省,濮阳市,,1953.04,1973.11,研究生
220000,吉林省,省长,2,代,巴音朝鲁,2012.12-2013.01,0000000049,男,蒙古族,内蒙古鄂托克前旗,内蒙古自治区,鄂尔多斯市,鄂托克前旗,1955.10,1976.09,研究生
220000,吉林省,省长,2,,巴音朝鲁,2013.01-2014.09,0000000049,男,,内蒙古鄂托克前旗,内蒙古自治区,鄂尔多斯市,鄂托克前旗,1955.10,1976.09,研究生
220000,吉林省,省长,2,代,蒋超良,2014.09-2014.10,0000002051,男,汉族,湖南汨罗,湖南省,岳阳市,汨罗市,1957.08,1981.05,研究生
220000,吉林省,省长,2,,蒋超良,2014.10-2016.10,0000002051,男,汉族,湖南汨罗,湖南省,岳阳市,汨罗市,1957.08,1981.05,研究生
220000,吉林省,省长,2,,景俊海,2018.01-至今,0000018933,男,汉族,陕西白水,陕西省,渭南市,白水县,1960.12,1982.07,研究生
220000,吉林省,省委书记,1,,刘锡五,1949.10-1952.04,0000012365,,,河南省孟县,河南省,焦作市,孟州市,1903.00,,
220000,吉林省,省委书记,1,,李梦龄,1952.06-1955.03,0000011434,,,河北晋县,河北省,石家庄市,晋州市,1903.00,1925.11,
220000,吉林省,省委书记,1,,吴德,1955.02-1966.06,0000006078,,汉族,河北丰润,河北省,唐山市,丰润区,1913.00,,
220000,吉林省,省委书记,1,代,赵林,1966.07-1967.01,0000017586,男,,江西省吉安县,江西省,吉安市,吉安县,1906.09,,
220000,吉林省,省委书记,1,,王维湘,1971.03-1977.02,0000004807,,,,,,,,,
220000,吉林省,省委书记,1,,王恩茂,1977.02-1981.10,0000005914,男,汉族,江西永新,江西省,吉安市,永新县,1913.05,,
220000,吉林省,省委书记,1,,强晓初,1981.10-1985.05,0000013453,男,,陕西省秀延县（今子长县）,陕西省,延安市,子长县,1918.03,,
220000,吉林省,省委书记,1,,高狄,1985.05-1988.04,0000009632,,,山东临沂,山东省,临沂市,,1927.11,1946.04,
220000,吉林省,省委书记,1,,何竹康,1988.04-1993.06,0000001558,,,江苏启东,江苏省,南通市,启东市,1932.00,,
220000,吉林省,省委书记,1,,张德江,1995.-1998.09,0000007249,男,汉族,辽宁台安,辽宁省,鞍山市,台安县,1946.11,1971.01,本科
220000,吉林省,省委书记,1,,王云坤,1998.08-2006.12,0000004964,,,江苏溧阳,江苏省,常州市,溧阳市,1942.12,1966.04,本科
220000,吉林省,省委书记,1,,王珉,2006.11-2009.11,0000004648,男,汉族,安徽省淮南,安徽省,淮南市,,1950.03,1985.07,博士
220000,吉林省,省委书记,1,,孙政才,2009.11-2012.11,0000005639,男,汉族,山东荣成,山东省,威海市,荣成市,1963.09,1988.07,博士
220000,吉林省,省委书记,1,,王儒林,2012.12-2014.08,0000004735,男,汉族,河南濮阳,河南省,濮阳市,,1953.04,1973.11,研究生
220000,吉林省,省委书记,1,,巴音朝鲁,2014.09-至今,0000000049,男,,内蒙古鄂托克前旗,内蒙古自治区,鄂尔多斯市,鄂托克前旗,1955.10,1976.09,研究生
230000,黑龙江省,省长,2,,于毅夫,1949.10-1952.11,0000016650,男,汉族,,,,,1903.00,,本科
230000,黑龙江省,省长,2,,赵德尊,1952.11-1953.12,0000017525,男,,辽宁省辽中县,辽宁省,沈阳市,辽中县,1913.03,,
230000,黑龙江省,省长,2,,陈雷,1953.12-1954.08,0000000429,男,汉族,黑龙江省桦川,黑龙江省,佳木斯市,桦川县,1917.10,,
230000,黑龙江省,省长,2,,韩光,1954.07-1956.05,0000001429,,汉族,黑龙江省齐齐哈尔,黑龙江省,齐齐哈尔市,,1912.03,1931.00,
230000,黑龙江省,省长,2,,欧阳钦,1956.06-1958.09,0000004026,,,湖南宁乡,湖南省,长沙市,宁乡县,1900.08,1924.00,
230000,黑龙江省,省长,2,,李范五,1958.09-文革初期,0000011237,,,,,,,1912.00,1932.00,
230000,黑龙江省,省长,2,,潘复生,1967.03-1971.08,0000004041,男,汉族,山东文登县,山东省,威海市,文登区,1908.00,,
230000,黑龙江省,省长,2,,汪家道,1971.08-1974.12,0000005837,男,汉族,安徽省霍丘县,安徽省,六安市,霍丘县,1916.00,,
230000,黑龙江省,省长,2,革委会主任,刘光涛,1977.02-1977.12,0000003153,男,,,,,,1920.00,,
230000,黑龙江省,省长,2,,杨易辰,1977.12-1979.12,0000006873,,,,,,,1914.03,,本科
230000,黑龙江省,省长,2,,陈雷,1979.12-1985.05,0000000429,男,汉族,黑龙江省桦川,黑龙江省,佳木斯市,桦川县,1917.10,,
230000,黑龙江省,省长,2,,侯捷,1985.05-1988.12,0000010274,男,汉族,河北省滦县,河北省,唐山市,滦县,1931.01,1948.12,
230000,黑龙江省,省长,2,代,邵奇惠,1989.01-1989.03,0000004318,男,汉族,江苏宜兴,江苏省,无锡市,宜兴市,1934.06,1953.10,本科
230000,黑龙江省,省长,2,,邵奇惠,1989.03-1994.05,0000004318,男,汉族,江苏宜兴,江苏省,无锡市,宜兴市,1934.06,1953.10,本科
230000,黑龙江省,省长,2,代,田凤山,1994.05-1995.02,0000005770,,汉族,,,,,1964.05,,大专
230000,黑龙江省,省长,2,,田凤山,1995.02-2000.01,0000005770,,,,,,,,,大专
230000,黑龙江省,省长,2,代,宋法棠,2000.01-2000.02,0000004456,男,汉族,山东郯城,山东省,临沂市,郯城县,1940.12,1961.03,本科
230000,黑龙江省,省长,2,,宋法棠,2000.02-2003.04,0000004456,男,汉族,山东郯城,山东省,临沂市,郯城县,1940.12,1961.03,本科
230000,黑龙江省,省长,2,代,张左已,2003.04-2003.04,0000007833,,,黑龙江省巴彦县,黑龙江省,哈尔滨市,巴彦县,1945.01,1972.06,
230000,黑龙江省,省长,2,,张左已,2003.04-2007.12,0000007833,,,黑龙江省巴彦县,黑龙江省,哈尔滨市,巴彦县,1945.01,1972.06,
230000,黑龙江省,省长,2,代,栗战书,2007.12-2008.01,0000002868,男,汉族,河北平山,河北省,石家庄市,平山县,1950.08,1975.04,研究生
230000,黑龙江省,省长,2,,栗战书,2008.01-2010.08,0000002868,男,汉族,河北平山,河北省,石家庄市,平山县,1950.08,1975.04,研究生
230000,黑龙江省,省长,2,代,王宪魁,2010.08-2010.11,0000004840,男,汉族,河北沧县,河北省,沧州市,沧县,1952.07,1974.05,研究生
230000,黑龙江省,省长,2,,王宪魁,2010.11-2013.03,0000004840,男,汉族,河北沧县,河北省,沧州市,沧县,1952.07,1974.05,研究生
230000,黑龙江省,省长,2,代,陆昊,2013.03-2013.06,0000003591,男,汉族,上海,上海市,,,1967.06,1985.05,研究生
230000,黑龙江省,省长,2,,陆昊,2013.06-2018.03,0000003591,男,汉族,上海,上海市,,,1967.06,1985.05,研究生
230000,黑龙江省,省长,2,代,王文涛,2018.03-至今,0000004824,男,汉族,江苏南通,江苏省,南通市,,1964.05,1994.12,研究生
230000,黑龙江省,省委书记,1,,张启龙,1949.05-1950.03,0000017159,,,湖南浏阳,湖南省,长沙市,浏阳市,1900.04,,
230000,黑龙江省,省委书记,1,,赵德尊,1950.03-1953.04,0000017525,男,,辽宁省辽中县,辽宁省,沈阳市,辽中县,1913.03,,
230000,黑龙江省,省委书记,1,,冯纪新,1953.04-1954.07,0000001083,男,,安徽金寨双河镇,安徽省,六安市,金寨县,1915.03,,
230000,黑龙江省,省委书记,1,,欧阳钦,1954.07-1965.10,0000004026,,,湖南宁乡,湖南省,长沙市,宁乡县,1900.08,1924.00,
230000,黑龙江省,省委书记,1,,潘复生,1965.10-1971.06,0000004041,男,汉族,山东文登县,山东省,威海市,文登区,1908.00,,
230000,黑龙江省,省委书记,1,第一书记、革委会主任,汪家道,1971.08-1974.12,0000005837,男,汉族,安徽省霍丘县,安徽省,六安市,霍丘县,1916.00,,
230000,黑龙江省,省委书记,1,第一书记,刘光涛,1977.02-1977.12,0000003153,男,,,,,,1920.00,,
230000,黑龙江省,省委书记,1,,杨易辰,1977.12-1983.01,0000006873,,,,,,,1914.03,,本科
230000,黑龙江省,省委书记,1,,李力安,1983.01-1985.10,0000002496,男,,山西五台,山西省,忻州市,五台县,1920.07,1935.00,
230000,黑龙江省,省委书记,1,,孙维本,1985.10一1994.04,0000005605,男,汉族,辽宁盖州,辽宁省,营口市,盖州市,1928.11,1947.10,高中
230000,黑龙江省,省委书记,1,,岳歧峰,1994.04-1997.07,0000007144,男,汉族,河北大名,河北省,邯郸市,大名县,1931.12,1945.01,
230000,黑龙江省,省委书记,1,,徐有芳,1997.07-2003.04,0000015922,男,汉族,安徽广德,安徽省,宣城市,广德县,1939.12,1973.04,本科
230000,黑龙江省,省委书记,1,,宋法棠,2003.03-2005.12,0000004456,男,汉族,山东郯城,山东省,临沂市,郯城县,1940.12,1961.03,本科
230000,黑龙江省,省委书记,1,,钱运录,2005.12-2008.04,0000004157,男,汉族,湖北大悟,湖北省,孝感市,大悟县,1944.10,1965.06,本科
230000,黑龙江省,省委书记,1,,吉炳轩,2008.04-2013.03,0000001930,男,汉族,河南孟津,河南省,洛阳市,孟津县,1951.11,1980.04,本科
230000,黑龙江省,省委书记,1,,王宪魁,2013.03-2017.03,0000004840,男,汉族,河北沧县,河北省,沧州市,沧县,1952.07,1974.05,研究生
230000,黑龙江省,省委书记,1,,张庆伟,2017.03-至今,0000007549,男,汉族,河北乐亭,河北省,唐山市,乐亭县,1961.11,1992.12,博士
310000,上海市,市长,6,,陈毅,1949.05-1958.11,0000000581,男,汉族,四川乐至,四川省,资阳市,乐至县,1901.08,,
310000,上海市,市长,6,,柯庆施,1958.11-1965.04,0000002156,男,汉族,安徽歙县,安徽省,黄山市,歙县,1902.07,1922.00,高中
310000,上海市,市长,6,,曹荻秋,1965.04-1968.06,0000000161,,汉族,四川资阳,四川省,资阳市,,1909.08,1929.00,本科
310000,上海市,市长,6,革委会主任,张春桥,1967.02-1976.10,0000007237,男,汉族,山东菏泽巨野,山东省,菏泽市,巨野县,1917.02,,
310000,上海市,市长,6,革委会主任,苏振华,1976.10-1979.01,0000005520,,,湖南平江,湖南省,岳阳市,平江县,1912.06,,
310000,上海市,市长,6,革委会主任,彭冲,1979.01-1979.12,0000004085,,,福建漳州香坂村,福建省,漳州市,,1915.03,1934.08,
310000,上海市,市长,6,,彭冲,1979.12-1980.04,0000004085,,,福建漳州香坂村,福建省,漳州市,,1915.03,1934.08,
310000,上海市,市长,6,代,汪道涵,1980.10-1981.04,0000005830,,,安徽省明光市,安徽省,滁州市,明光市,1915.03,,高中
310000,上海市,市长,6,,汪道涵,1981.04-1985.07,0000005830,,汉族,安徽省明光市,安徽省,滁州市,明光市,1915.03,,高中
310000,上海市,市长,6,,江泽民,1985.07-1988.04,0000018456,,汉族,江苏省扬州市,江苏省,扬州市,,1926.08,1946.04,
310000,上海市,市长,6,,朱F基,1988.04-1991.04,0000005367,,汉族,湖南长沙,湖南省,长沙市,,1928.10,1949.10,本科
310000,上海市,市长,6,,黄菊,1991.04-1995.02,0000001775,,汉族,浙江嘉善,浙江省,嘉兴市,嘉善县,1938.09,,本科
310000,上海市,市长,6,,徐匡迪,1995.02-2001.12,0000015861,男,汉族,浙江桐乡崇德,浙江省,嘉兴市,桐乡市,1937.12,,大专
310000,上海市,市长,6,代,陈良宇,2001.12-2002.02,0000000434,男,汉族,浙江宁波,浙江省,宁波市,,1946.10,1980.04,本科
310000,上海市,市长,6,,陈良宇,2002.02-2003.02,0000000434,男,汉族,浙江宁波,浙江省,宁波市,,1946.10,1980.04,本科
310000,上海市,市长,6,,韩正,2003.02-2012.12,0000001464,男,汉族,浙江慈溪,浙江省,宁波市,慈溪市,1954.04,1979.05,研究生
310000,上海市,市长,6,代,杨雄,2012.12-2013.01,0000006859,男,汉族,浙江杭州,浙江省,杭州市,,1953.11,1985.06,研究生
310000,上海市,市长,6,,杨雄,2013.01-2017.01,0000006859,男,汉族,浙江杭州,浙江省,杭州市,,1953.11,1985.06,研究生
310000,上海市,市长,6,,应勇,2017.01-至今,0000018934,男,汉族,浙江仙居,浙江省,台州市,仙居县,1957.11,,研究生
310000,上海市,市委书记,5,第一书记,饶漱石,1949.01-1950.03,0000013568,,汉族,江西省抚州市临川钟岭乡,江西省,抚州市,临川区,1903.00,,本科
310000,上海市,市委书记,5,第一书记,陈毅,1950.03-1954.10,0000000581,男,汉族,四川乐至,四川省,资阳市,乐至县,1901.08,,
310000,上海市,市委书记,5,第一书记,柯庆施,1954.10-1965.04,0000002156,男,汉族,安徽歙县,安徽省,黄山市,歙县,1902.07,1922.00,高中
310000,上海市,市委书记,5,第一书记,陈丕显,1965.11-1967.01,0000000458,男,汉族,福建省上杭县,福建省,龙岩市,上杭县,1916.03,,
310000,上海市,市委书记,5,第一书记,张春桥,1971.01-1976.10,0000007237,男,汉族,山东菏泽巨野,山东省,菏泽市,巨野县,1917.02,,
310000,上海市,市委书记,5,第一书记,苏振华,1976.10-1979.01,0000005520,,,湖南平江,湖南省,岳阳市,平江县,1912.06,,
310000,上海市,市委书记,5,第一书记,彭冲,1979.01-1980.04,0000004085,,,福建漳州香坂村,福建省,漳州市,,1915.03,1934.08,
310000,上海市,市委书记,5,第一书记,陈国栋,1980.04-1985.06,0000000335,男,,,,,,1911.11,,
310000,上海市,市委书记,5,,芮杏文,1985.06-1987.11,0000013633,,汉族,江苏省涟水（今红窑）县,江苏省,淮安市,涟水县,1927.04,1945.00,大专
310000,上海市,市委书记,5,,江泽民,1987.11-1989.08,0000018456,,汉族,江苏省扬州市,江苏省,扬州市,,1926.08,1946.04,
310000,上海市,市委书记,5,,朱F基,1989.09-1991.04,0000005367,,汉族,湖南长沙,湖南省,长沙市,,1928.10,1949.10,本科
310000,上海市,市委书记,5,,吴邦国,1991.04-1994.10,0000015313,男,汉族,安徽肥东,安徽省,合肥市,肥东县,1941.07,1964.04,本科
310000,上海市,市委书记,5,,黄菊,1994.10-2002.10,0000001775,,汉族,浙江嘉善,浙江省,嘉兴市,嘉善县,1938.09,,本科
310000,上海市,市委书记,5,,陈良宇,2002.10-2006.09,0000000434,男,汉族,浙江宁波,浙江省,宁波市,,1946.10,1980.04,本科
310000,上海市,市委书记,5,代,韩正,2006.09-2007.03,0000001464,男,汉族,浙江慈溪,浙江省,宁波市,慈溪市,1954.04,1979.05,研究生
310000,上海市,市委书记,5,,习近平,2007.03-2007.10,0000006221,男,汉族,陕西富平,陕西省,渭南市,富平县,1953.06,1974.01,博士
310000,上海市,市委书记,5,,俞正声,2007.10-2012.11,0000007090,男,汉族,浙江绍兴,浙江省,绍兴市,,1945.04,1964.11,本科
310000,上海市,市委书记,5,,韩正,2012.11-2017.,0000001464,男,汉族,浙江慈溪,浙江省,宁波市,慈溪市,1954.04,1979.05,研究生
310000,上海市,市委书记,5,,李强,2017.10-至今,0000002553,男,汉族,浙江瑞安,浙江省,温州市,瑞安市,1959.07,1983.04,研究生
320000,江苏省,省长,2,,谭振林,1953.01-1955.02,0000014238,,,,,,,,,
320000,江苏省,省长,2,,惠浴宇,1955.02-文革,0000001918,,汉族,江苏省灌南县新安镇,江苏省,连云港市,灌南县,1909.00,,
320000,江苏省,省长,2,,许世友,1968.03-1973.12,0000006544,,汉族,,,,,1905.02,,
320000,江苏省,省长,2,,彭冲,1974.01-1977.02,0000004085,,,福建漳州香坂村,福建省,漳州市,,1915.03,1934.08,
320000,江苏省,省长,2,,许家屯,1977.02-1979.12,0000006523,,汉族,,,,,1916.03,,
320000,江苏省,省长,2,,惠浴宇,1979.12-1982.07,0000001918,,汉族,江苏省灌南县新安镇,江苏省,连云港市,灌南县,1909.00,,
320000,江苏省,省长,2,,韩培信,1982.07-1983.05,0000001438,男,汉族,江苏响水,江苏省,盐城市,响水县,1921.10,1940.08,
320000,江苏省,省长,2,,顾秀莲,1983.05-1989.04,0000009839,女,汉族,江苏南通,江苏省,南通市,,1936.12,1956.09,
320000,江苏省,省长,2,,陈焕友,1989.04-1994.09,0000000364,男,,江苏南通,江苏省,南通市,,1934.01,1954.04,本科
320000,江苏省,省长,2,代,郑斯林,1994.09-1995.02,0000005168,男,汉族,江苏吴县,江苏省,苏州市,,1940.05,1965.00,本科
320000,江苏省,省长,2,,郑斯林,1995.02-1998.10,0000005168,男,汉族,江苏吴县,江苏省,苏州市,,1940.05,1965.00,本科
320000,江苏省,省长,2,代,季允石,1998.09-1999.02,0000001943,男,汉族,江苏海门,江苏省,南通市,海门市,1945.09,1975.08,本科
320000,江苏省,省长,2,,季允石,1999.02-2002.12,0000001943,男,汉族,江苏海门,江苏省,南通市,海门市,1945.09,1975.08,本科
320000,江苏省,省长,2,代,梁保华,2002.12-2003.02,0000002878,男,汉族,江西宜春,江西省,宜春市,,1945.11,1965.11,本科
320000,江苏省,省长,2,,梁保华,2003.02-2008.01,0000002878,男,汉族,江西宜春,江西省,宜春市,,1945.11,1965.11,本科
320000,江苏省,省长,2,,罗志军,2008.02-2010.12,0000003699,,汉族,辽宁凌源,辽宁省,朝阳市,凌源市,1951.11,1969.04,研究生
320000,江苏省,省长,2,代,李学勇,2010.12-2011.02,0000002721,男,汉族,河北石家庄,河北省,石家庄市,,1950.09,1974.03,本科
320000,江苏省,省长,2,,李学勇,2011.02-2015.12,0000002721,男,汉族,河北石家庄,河北省,石家庄市,,1950.09,1974.03,本科
320000,江苏省,省长,2,代,石泰峰,2015.12-2016.01,0000013804,男,汉族,山西榆社,山西省,晋中市,榆社县,1956.09,1982.06,研究生
320000,江苏省,省长,2,,石泰峰,2016.01-2017.04,0000013804,男,汉族,山西榆社,山西省,晋中市,榆社县,1956.09,1982.06,研究生
320000,江苏省,省长,2,代,吴政隆,2017.05-2017.07,0000006176,男,汉族,江苏南京,江苏省,南京市,,1964.11,1987.11,本科
320000,江苏省,省长,2,,吴政隆,2017.07-至今,0000006176,男,汉族,江苏南京,江苏省,南京市,,1964.11,1987.11,本科
320000,江苏省,省委书记,1,,柯庆施,1952.11-1954.08,0000002156,男,汉族,安徽歙县,安徽省,黄山市,歙县,1902.07,1922.00,高中
320000,江苏省,省委书记,1,,江渭清,1954.08-文革,0000002007,,汉族,湖南平江县,湖南省,岳阳市,平江县,1910.00,1929.00,
320000,江苏省,省委书记,1,,许世友,1970.12-1973.12,0000006544,,汉族,,,,,1905.02,,
320000,江苏省,省委书记,1,,彭冲,1974.01-1977.02,0000004085,,,福建漳州香坂村,福建省,漳州市,,1915.03,1934.08,
320000,江苏省,省委书记,1,,许家屯,1977.02-1983.04,0000006523,,汉族,,,,,1916.03,,
320000,江苏省,省委书记,1,,韩培信,1983.03-1989.12,0000001438,男,汉族,江苏响水,江苏省,盐城市,响水县,1921.10,1940.08,
320000,江苏省,省委书记,1,,沈达人,1989.12-1993.09,0000004341,,,,,,,1928.06,1954.09,
320000,江苏省,省委书记,1,,陈焕友,1993.09-2000.01,0000000364,男,,江苏南通,江苏省,南通市,,1934.01,1954.04,本科
320000,江苏省,省委书记,1,,回良玉,2000.01-2002.12,0000001915,男,回族,吉林榆树,吉林省,榆树市,榆树市,1944.10,1966.04,大专
320000,江苏省,省委书记,1,,李源潮,2002.12-2007.10,0000002786,男,汉族,江苏涟水,江苏省,淮安市,涟水县,1950.11,1978.03,博士
320000,江苏省,省委书记,1,,梁保华,2007.10-2010.12,0000002878,男,汉族,江西宜春,江西省,宜春市,,1945.11,1965.11,本科
320000,江苏省,省委书记,1,,罗志军,2010.12-2016.06,0000003699,,汉族,辽宁凌源,辽宁省,朝阳市,凌源市,1951.11,1969.04,研究生
320000,江苏省,省委书记,1,,李强,2016.-2017.,0000002553,男,汉族,浙江瑞安,浙江省,温州市,瑞安市,1959.07,1983.04,研究生
320000,江苏省,省委书记,1,,娄勤俭,2017.10-至今,0000003541,男,汉族,贵州桐梓,贵州省,遵义市,桐梓县,1956.12,1975.08,博士
330000,浙江省,省长,2,,谭震林,1949.08-1955.01,0000005680,,汉族,湖南攸县,湖南省,株洲市,攸县,1902.04,1926.00,
330000,浙江省,省长,2,,沙文汉,1955.01-1957.11,0000013658,,,浙江宁波沙村,浙江省,宁波市,鄞州区,1908.00,1925.04,
330000,浙江省,省长,2,代,霍士廉,1957.11-1958.01,0000001922,,,山西省忻县,山西省,忻州市,,1909.04,,
330000,浙江省,省长,2,,周建人,1958.01-文革,0000017929,男,,浙江省绍兴市,浙江省,绍兴市,,1888.11,,
330000,浙江省,省长,2,,南萍,1968.03-1973.05,0000003971,,,山东省长山县,山东省,,,,,
330000,浙江省,省长,2,,谭启龙,1973.05-1977.02,0000006032,,,,,,,,,
330000,浙江省,省长,2,,铁瑛,1977.02-1979.12,0000005801,,汉族,河南南乐,河南省,濮阳市,南乐县,1916.00,1937.00,
330000,浙江省,省长,2,,李丰平,1979.12-1983.04,0000011240,男,,重庆铜梁,重庆市,,铜梁区,1912.00,,
330000,浙江省,省长,2,,薛驹,1983.03-1987.03,0000006576,男,汉族,山西省运城市,山西省,运城市,,1922.03,1938.12,本科肄业
330000,浙江省,省长,2,代,葛洪升,1990.11-1991.03,0000001249,,汉族,山东莒县（今属莒南）,山东省,日照市,莒县,1931.00,1948.12,
330000,浙江省,省长,2,,葛洪升,1991.03-1993.01,0000001249,,汉族,山东莒县（今属莒南）,山东省,日照市,莒县,1931.00,1948.12,
330000,浙江省,省长,2,,万学远,1993.01-1997.04,0000014438,男,汉族,湖北黄冈县,湖北省,黄冈市,,1941.01,1961.06,本科
330000,浙江省,省长,2,代,柴松岳,1997.04-1998.01,0000008429,男,汉族,浙江普陀,浙江省,舟山市,普陀区,1941.11,1961.09,
330000,浙江省,省长,2,,柴松岳,1998.01-2002.10,0000008429,男,汉族,浙江普陀,浙江省,舟山市,普陀区,1941.11,1961.09,
330000,浙江省,省长,2,代,习近平,2002.11-2003.01,0000006221,男,汉族,陕西富平,陕西省,渭南市,富平县,1953.06,1974.01,博士
330000,浙江省,省长,2,,吕祖善,2003.01-2011.08,0000012839,男,汉族,浙江杭州,浙江省,杭州市,,1946.11,1966.03,研究生
330000,浙江省,省长,2,,夏宝龙,2011.08-2012.12,0000006230,男,汉族,天津市,天津市,,,1952.12,1973.11,博士
330000,浙江省,省长,2,代,李强,2012.12-2013.01,0000002553,男,汉族,浙江瑞安,浙江省,温州市,瑞安市,1959.07,1983.04,研究生
330000,浙江省,省长,2,,李强,2013.01-2016.06,0000002553,男,汉族,浙江瑞安,浙江省,温州市,瑞安市,1959.07,1983.04,研究生
330000,浙江省,省长,2,代,车俊,2016.07-2017.01,0000000245,男,汉族,安徽巢湖,安徽省,合肥市,巢湖市,1955.07,1973.12,本科
330000,浙江省,省长,2,,车俊,2017.01-2017.04,0000000245,男,汉族,安徽巢湖,安徽省,合肥市,巢湖市,1955.07,1973.12,本科
330000,浙江省,省长,2,代,袁家军,2017.04-2017.07,0000018935,男,汉族,吉林通化,吉林省,通化市,,1962.09,1992.11,博士
330000,浙江省,省长,2,,袁家军,2017.07-至今,0000018935,男,汉族,吉林通化,吉林省,通化市,,1962.09,1992.11,博士
330000,浙江省,省委书记,1,,谭震林,1949.05-1952.09,0000005680,,汉族,湖南攸县,湖南省,株洲市,攸县,1902.04,1926.00,
330000,浙江省,省委书记,1,,谭启龙,1952.09-1954.08,0000006032,,,,,,,,,
330000,浙江省,省委书记,1,,江华,1954.08-1967.01,0000001992,,瑶族,湖南省江华瑶族自治县,湖南省,永州市,江华瑶族自治县,1907.08,,
330000,浙江省,省委书记,1,,南萍,1971.01-1973.05,0000003971,,,山东省长山县,山东省,,,,,
330000,浙江省,省委书记,1,,谭启龙,1973.05-1977.02,0000006032,,,,,,,,,
330000,浙江省,省委书记,1,,铁瑛,1977.02-1983.03,0000005801,,汉族,河南南乐,河南省,濮阳市,南乐县,1916.00,1937.00,
330000,浙江省,省委书记,1,,王芳,1983.03-1987.03,0000005916,,,山东省新泰市东都镇,山东省,泰安市,新泰市,1920.08,1938.04,
330000,浙江省,省委书记,1,,薛驹,1987.03-1988.12,0000006576,男,汉族,山西省运城市,山西省,运城市,,1922.03,1938.12,本科肄业
330000,浙江省,省委书记,1,,李泽民,1988.12-1998.09,0000002800,男,,四川苍溪,四川省,广元市,苍溪县,1934.11,1954.06,本科
330000,浙江省,省委书记,1,,张德江,1998.09-2002.11,0000007249,男,汉族,辽宁台安,辽宁省,鞍山市,台安县,1946.11,1971.01,本科
330000,浙江省,省委书记,1,,习近平,2002.11-2007.03,0000006221,男,汉族,陕西富平,陕西省,渭南市,富平县,1953.06,1974.01,博士
330000,浙江省,省委书记,1,,赵洪祝,2007.03-2012.12,0000017552,男,汉族,内蒙古宁城,内蒙古自治区,赤峰市,宁城县,1947.07,1969.08,本科
330000,浙江省,省委书记,1,,夏宝龙,2012.12-2017.04,0000006230,男,汉族,天津市,天津市,,,1952.12,1973.11,博士
330000,浙江省,省委书记,1,,车俊,2017.04-至今,0000000245,男,汉族,安徽巢湖,安徽省,合肥市,巢湖市,1955.07,1973.12,本科
340000,安徽省,省长,2,,曾希圣,1952.08-1955.03,0000000217,,汉族,湖南兴宁（今资兴）州门司镇,湖南省,郴州市,资兴市,1904.10,,
340000,安徽省,省长,2,,黄岩,1955.02-文革初,0000001871,,,安徽省六安市,安徽省,六安市,,1912.08,,
340000,安徽省,省长,2,,李德生,1968.04-1974.12,0000002294,男,汉族,河南新县陈店乡,河南省,信阳市,新县,1916.00,,
340000,安徽省,省长,2,,宋佩璋,1974.12-1978.01,0000004479,男,汉族,河北省临城县,河北省,邢台市,临城县,1919.00,1935.00,
340000,安徽省,省长,2,,万里,1978.01-1979.12,0000005821,男,汉族,,,,,1916.12,,
340000,安徽省,省长,2,,张劲夫,1979.12-1981.03,0000007451,男,汉族,安徽肥东,安徽省,合肥市,肥东县,1914.06,1935.00,
340000,安徽省,省长,2,,周子健,1981.03-1983.04,0000005355,,,安徽省临泉县,安徽省,阜阳市,临泉县,1914.04,1936.00,
340000,安徽省,省长,2,,王郁昭,1983.04-1987.06,0000015081,男,,山东文登大水泊镇方池泊村,山东省,威海市,文登区,1926.00,,
340000,安徽省,省长,2,代,卢荣景,1987.06-1988.02,0000003552,,汉族,安徽省合肥市庐江县矾山镇,安徽省,合肥市,庐江县,1933.08,1953.03,
340000,安徽省,省长,2,,卢荣景,1988.02-1989.04,0000003552,,汉族,安徽省合肥市庐江县矾山镇,安徽省,合肥市,庐江县,1933.08,1953.03,
340000,安徽省,省长,2,,傅锡寿,1989.04-1994.12,0000009590,男,汉族,北京,北京市,,,1931.01,1959.08,
340000,安徽省,省长,2,代,回良玉,1994.12-1995.02,0000001915,男,回族,吉林榆树,吉林省,榆树市,榆树市,1944.10,1966.04,大专
340000,安徽省,省长,2,,回良玉,1995.02-1998.10,0000001915,男,回族,吉林榆树,吉林省,榆树市,榆树市,1944.10,1966.04,大专
340000,安徽省,省长,2,代,王太华,1998.10-1999.02,0000004782,男,汉族,江西省赣州市兴国县埠头乡埠头村,江西省,赣州市,兴国县,1945.10,1973.06,本科
340000,安徽省,省长,2,,王太华,1999.02-2000.01,0000004782,男,汉族,江西省赣州市兴国县埠头乡埠头村,江西省,赣州市,兴国县,1945.10,1973.06,本科
340000,安徽省,省长,2,,许仲林,2000.01-2002.10,0000006568,男,汉族,江苏常州市武进区,江苏省,常州市,,1943.12,1964.11,大专
340000,安徽省,省长,2,代,王金山,2002.10-2003.01,0000004565,男,汉族,吉林公主岭,吉林省,四平市,公主岭市,1945.02,1971.01,研究生
340000,安徽省,省长,2,,王金山,2003.01-2007.12,0000004565,男,汉族,吉林公主岭,吉林省,四平市,公主岭市,1945.02,1971.01,研究生
340000,安徽省,省长,2,代,王三运,2007.12-2008.01,0000004744,男,汉族,山东单县,山东省,菏泽市,单县,1952.12,1979.07,研究生
340000,安徽省,省长,2,,王三运,2008.01-2011.12,0000004744,男,汉族,山东单县,山东省,菏泽市,单县,1952.12,1979.07,研究生
340000,安徽省,省长,2,代,李斌,2011.12-2012.02,0000002240,女,汉族,辽宁抚顺,辽宁省,抚顺市,,1954.10,1981.06,本科
340000,安徽省,省长,2,,李斌,2012.02-2013.03,0000002240,女,汉族,辽宁抚顺,辽宁省,抚顺市,,1954.10,1981.06,本科
340000,安徽省,省长,2,代,王学军,2013.03-2013.06,0000004885,男,汉族,河北南皮,河北省,沧州市,南皮县,1952.12,1975.07,研究生
340000,安徽省,省长,2,,王学军,2013.06-2015.06,0000004885,男,汉族,河北南皮,河北省,沧州市,南皮县,1952.12,1975.07,研究生
340000,安徽省,省长,2,代,李锦斌,2015.06-2015.07,0000002446,男,汉族,四川成都,四川省,成都市,,1958.02,1978.09,博士
340000,安徽省,省长,2,,李锦斌,2015.07-2016.08,0000002446,男,汉族,四川成都,四川省,成都市,,1958.02,1978.09,博士
340000,安徽省,省长,2,代,李国英,2016.09-2017.01,0000018936,男,汉族,河南禹州,河南省,许昌市,禹州市,1963.12,1988.08,博士
340000,安徽省,省长,2,,李国英,2017.01-至今,0000018936,男,汉族,河南禹州,河南省,许昌市,禹州市,1963.12,1988.08,博士
340000,安徽省,省委书记,1,,曾希圣,1952.01-1962.02,0000000217,,汉族,湖南兴宁（今资兴）州门司镇,湖南省,郴州市,资兴市,1904.10,,
340000,安徽省,省委书记,1,,李葆华,1962.02-文革初,0000011162,男,汉族,河北乐亭,河北省,唐山市,乐亭县,1909.10,1931.00,
340000,安徽省,省委书记,1,,李德生,1971.01-1974.12,0000002294,男,汉族,河南新县陈店乡,河南省,信阳市,新县,1916.00,,
340000,安徽省,省委书记,1,,宋佩璋,1975.05-1977.06,0000004479,男,汉族,河北省临城县,河北省,邢台市,临城县,1919.00,1935.00,
340000,安徽省,省委书记,1,,万里,1977.06-1980.03,0000005821,男,汉族,,,,,1916.12,,
340000,安徽省,省委书记,1,,张劲夫,1980.03-1982.04,0000007451,男,汉族,安徽肥东,安徽省,合肥市,肥东县,1914.06,1935.00,
340000,安徽省,省委书记,1,,周子健,1982.04-1983.03,0000005355,,,安徽省临泉县,安徽省,阜阳市,临泉县,1914.04,1936.00,
340000,安徽省,省委书记,1,,黄璜,1983.03-1986.04,0000001753,,,江苏涟水县红窑,江苏省,淮安市,涟水县,1933.00,1949.00,
340000,安徽省,省委书记,1,,李贵鲜,1986.04-1988.04,0000002346,男,汉族,辽宁盖州,辽宁省,营口市,盖州市,1937.08,1962.07,本科
340000,安徽省,省委书记,1,,卢荣景,1988.04-1998.08,0000003552,,汉族,安徽省合肥市庐江县矾山镇,安徽省,合肥市,庐江县,1933.08,1953.03,
340000,安徽省,省委书记,1,,回良玉,1998.09-1999.12,0000001915,男,回族,吉林榆树,吉林省,榆树市,榆树市,1944.10,1966.04,大专
340000,安徽省,省委书记,1,,王太华,1999.12-2004.12,0000004782,男,汉族,江西省赣州市兴国县埠头乡埠头村,江西省,赣州市,兴国县,1945.10,1973.06,本科
340000,安徽省,省委书记,1,,郭金龙,2004.12-2007.12,0000001353,男,汉族,江苏南京,江苏省,南京市,,1947.07,1979.04,本科
340000,安徽省,省委书记,1,,王金山,2007.12-2010.05,0000004565,男,汉族,吉林公主岭,吉林省,四平市,公主岭市,1945.02,1971.01,研究生
340000,安徽省,省委书记,1,,张宝顺,2010.05-2015.06,0000007185,男,汉族,河北秦皇岛,河北省,秦皇岛市,,1950.02,1971.04,研究生
340000,安徽省,省委书记,1,,王学军,2015.06-2016.08,0000004885,男,汉族,河北南皮,河北省,沧州市,南皮县,1952.12,1975.07,研究生
340000,安徽省,省委书记,1,,李锦斌,2016.08-至今,0000002446,男,汉族,四川成都,四川省,成都市,,1958.02,1978.09,博士
350000,福建省,省长,2,,张鼎丞,1949.08-1954.10,0000007256,,,福建永定,福建省,龙岩市,永定县,1898.00,1927.00,
350000,福建省,省长,2,代,叶飞,1954.10-1955.02,0000006957,,,菲律宾奎松省,,,,1914.05,1932.03,
350000,福建省,省长,2,,叶飞,1955.02-1959.01,0000006957,男,汉族,菲律宾奎松省,,,,1914.05,1932.03,
350000,福建省,省长,2,,江一真,1959.01-1962.12,0000002009,男,,福建省连城县庙前镇,福建省,龙岩市,连城县,1915.03,1934.00,
350000,福建省,省长,2,,魏金水,1962.12-1968.08,0000005108,,汉族,福建省龙岩市新罗区西陂,福建省,龙岩市,新罗区,,1929.10,
350000,福建省,省长,2,革委会主任,韩先楚,1968.08-1973.12,0000001447,男,汉族,湖北省红安县,湖北省,黄冈市,红安县,1913.01,,
350000,福建省,省长,2,革委会主任,廖志高,1974.11-1979.12,0000002966,男,汉族,四川省冕宁县,四川省,凉山彝族自治州,冕宁县,1913.05,1934.04,
350000,福建省,省长,2,,马兴元,1979.12-1983.01,0000003837,,,山西昔阳,山西省,晋中市,昔阳县,1917.11,,
350000,福建省,省长,2,代,胡平,1983.01-1983.04,0000001661,男,,浙江嘉兴,浙江省,嘉兴市,,1930.07,1950.00,
350000,福建省,省长,2,,胡平,1983.04-1987.09,0000001661,男,,浙江嘉兴,浙江省,嘉兴市,,1930.07,1950.00,
350000,福建省,省长,2,代,王兆国,1987.09-1988.01,0000004982,男,汉族,河北丰润,河北省,唐山市,丰润区,1941.07,1965.12,本科
350000,福建省,省长,2,,王兆国,1988.01-1990.11,0000004982,男,汉族,河北丰润,河北省,唐山市,丰润区,1941.07,1965.12,本科
350000,福建省,省长,2,代,贾庆林,1990.11-1991.04,0000001961,男,汉族,河北泊头,河北省,沧州市,泊头市,1940.03,1959.12,本科
350000,福建省,省长,2,,贾庆林,1991.04-1994.04,0000001961,男,汉族,河北泊头,河北省,沧州市,泊头市,1940.03,1959.12,本科
350000,福建省,省长,2,,陈明义,1994.04-1996.10,0000000451,男,,福建福州,福建省,福州市,,1940.08,1960.00,研究生
350000,福建省,省长,2,代,贺国强,1996.10-1997.04,0000001567,,汉族,,,,,1943.10,,本科
350000,福建省,省长,2,,贺国强,1997.04-1999.08,0000001567,,汉族,,,,,1943.10,,本科
350000,福建省,省长,2,代,习近平,1999.08-2000.01,0000006221,男,汉族,陕西富平,陕西省,渭南市,富平县,1953.06,1974.01,博士
350000,福建省,省长,2,,习近平,2000.01-2002.10,0000006221,男,汉族,陕西富平,陕西省,渭南市,富平县,1953.06,1974.01,博士
350000,福建省,省长,2,代,卢展工,2002.10-2003.01,0000003568,男,汉族,浙江慈溪,浙江省,宁波市,慈溪市,1952.05,1975.01,本科
350000,福建省,省长,2,,卢展工,2003.01-2004.12,0000003568,男,汉族,浙江慈溪,浙江省,宁波市,慈溪市,1952.05,1975.01,本科
350000,福建省,省长,2,代,黄小晶,2004.12-2005.01,0000001857,男,汉族,福建福州,福建省,福州市,,1946.03,1973.12,本科
350000,福建省,省长,2,,黄小晶,2005.01-2011.04,0000001857,男,汉族,福建福州,福建省,福州市,,1946.03,1973.12,本科
350000,福建省,省长,2,代,苏树林,2011.04-2011.07,0000005509,男,汉族,山东东阿,山东省,聊城市,东阿县,1962.03,1985.12,研究生
350000,福建省,省长,2,,苏树林,2011.07-2015.10,0000005509,男,汉族,山东东阿,山东省,聊城市,东阿县,1962.03,1985.12,研究生
350000,福建省,省长,2,代,于伟国,2015.11-2016.01,0000007051,男,汉族,山东文登,山东省,威海市,文登区,1955.10,1975.10,本科
350000,福建省,省长,2,,于伟国,2016.01-2018.01,0000007051,男,汉族,山东文登,山东省,威海市,文登区,1955.10,1975.10,本科
350000,福建省,省长,2,,唐登杰,2018.01-至今,0000018937,男,汉族,江苏建湖,江苏省,盐城市,建湖县,1964.06,1991.08,研究生
350000,福建省,省委书记,1,,张鼎丞,1949.06-1955.04,0000007256,,,福建永定,福建省,龙岩市,永定县,1898.00,1927.00,
350000,福建省,省委书记,1,,叶飞,1955.04-文革,0000006957,男,汉族,菲律宾奎松省,,,,1914.05,1932.03,
350000,福建省,省委书记,1,,江一真,1958.07-1970.04,0000002009,男,,福建省连城县庙前镇,福建省,龙岩市,连城县,1915.03,1934.00,
350000,福建省,省委书记,1,革委会主任,韩先楚,1971.04-1973.12,0000001447,男,汉族,湖北省红安县,湖北省,黄冈市,红安县,1913.01,,
350000,福建省,省委书记,1,,廖志高,1974.11-1982.02,0000002966,男,汉族,四川省冕宁县,四川省,凉山彝族自治州,冕宁县,1913.05,1934.04,
350000,福建省,省委书记,1,第一书记,项南,1982.02-1985.07,0000006275,,汉族,福建省连城县,福建省,龙岩市,连城县,1918.00,,
350000,福建省,省委书记,1,,项南,1985.07-1986.03,0000006275,,汉族,福建省连城县,福建省,龙岩市,连城县,1918.00,,
350000,福建省,省委书记,1,,陈光毅,1986.03-1993.12,0000000329,男,汉族,福建莆田,福建省,莆田市,,1933.08,,大专
350000,福建省,省委书记,1,,贾庆林,1993.12-1996.10,0000001961,男,汉族,河北泊头,河北省,沧州市,泊头市,1940.03,1959.12,本科
350000,福建省,省委书记,1,,陈明义,1996.10-2000.12,0000000451,男,1940.08,福建福州,福建省,福州市,,1940.00,1960.00,研究生
350000,福建省,省委书记,1,,宋德福,2000.12-2004.02,0000013891,男,汉族,吉林德惠,吉林省,长春市,德惠市,1946.02,1965.12,大专
350000,福建省,省委书记,1,代,卢展工,2004.02-2004.12,0000003568,男,汉族,浙江慈溪,浙江省,宁波市,慈溪市,1952.05,1975.01,本科
350000,福建省,省委书记,1,,卢展工,2004.12-2009.11,0000003568,男,汉族,浙江慈溪,浙江省,宁波市,慈溪市,1952.05,1975.01,本科
350000,福建省,省委书记,1,,孙春兰,2009.11-2012.11,0000005536,女,汉族,河北饶阳,河北省,衡水市,饶阳县,1950.05,1973.05,研究生
350000,福建省,省委书记,1,,尤权,2012.12-2017.,0000016581,男,汉族,河北卢龙,河北省,秦皇岛市,卢龙县,1954.01,1973.03,研究生
350000,福建省,省委书记,1,,于伟国,2017.10-至今,0000007051,男,汉族,山东威海,山东省,威海市,,1955.10,1975.12,本科
360000,江西省,省长,2,,邵式平,1949.06-1965.03,0000013692,,汉族,江西弋阳县邵家坂,江西省,上饶市,弋阳县,1900.01,,
360000,江西省,省长,2,,方志纯,1965.04-文革,0000009466,,,江西弋阳,江西省,上饶市,弋阳县,1905.09,1924.00,
360000,江西省,省长,2,,程世清,1968.01-1972.06,0000000670,,汉族,河南,河南省,,,1918.04,,
360000,江西省,省长,2,,江渭清,1974.12-1979.12,0000002007,,汉族,湖南平江县,湖南省,岳阳市,平江县,1910.00,1929.00,
360000,江西省,省长,2,,白栋材,1979.12-1982.08,0000000051,男,汉族,陕西省清涧县袁家沟,陕西省,榆林市,清涧县,1916.01,,
360000,江西省,省长,2,,赵益增,1982.08-1985.07,0000017667,,,,,,,,,
360000,江西省,省长,2,,倪献策,1985.07-1986.10,0000013193,,,山东高密,山东省,潍坊市,高密市,1936.00,1966.09,
360000,江西省,省长,2,,吴官正,1986.10-1995.04,0000006089,男,汉族,江西余干,江西省,上饶市,余干县,1938.08,1962.03,研究生
360000,江西省,省长,2,代,舒圣佑,1995.04-1996.02,0000004437,,汉族,江西玉山,江西省,上饶市,玉山县,1936.12,,
360000,江西省,省长,2,,舒圣佑,1996.02-2001.04,0000004437,,汉族,江西玉山,江西省,上饶市,玉山县,1936.12,,
360000,江西省,省长,2,代,黄智权,2001.04-2001.05,0000001910,男,汉族,浙江桐乡,浙江省,嘉兴市,桐乡市,1942.02,1979.05,本科
360000,江西省,省长,2,,黄智权,2001.05-2006.10,0000001910,男,汉族,浙江桐乡,浙江省,嘉兴市,桐乡市,1942.02,1979.05,本科
360000,江西省,省长,2,代,吴新雄,2006.10-2007.01,0000006151,男,汉族,江苏江阴,江苏省,无锡市,江阴市,1949.10,1979.07,本科
360000,江西省,省长,2,,吴新雄,2007.01-2011.06,0000006151,男,汉族,江苏江阴,江苏省,无锡市,江阴市,1949.10,1979.07,本科
360000,江西省,省长,2,代,鹿心社,2011.06-2012.02,0000003610,男,汉族,山东巨野,山东省,菏泽市,巨野县,1956.11,1985.07,本科
360000,江西省,省长,2,,鹿心社,2012.02-2016.06,0000003610,男,汉族,山东巨野,山东省,菏泽市,巨野县,1956.11,1985.07,本科
360000,江西省,省长,2,,鹿心社,2016.06-2018.03,0000003610,男,汉族,山东巨野,山东省,菏泽市,巨野县,1956.11,1985.07,本科
360000,江西省,省委书记,1,,陈正人,1949.06-1952.11,0000008863,,汉族,江西省遂川县盆珠乡,江西省,吉安市,遂川县,1907.12,1925.00,
360000,江西省,省委书记,1,,杨尚奎,1952.11-文革,0000016292,男,,兴国江背乡,江西省,赣州市,兴国县,1905.00,1929.00,
360000,江西省,省委书记,1,,程世清,1970.12-1972.06,0000000670,,汉族,河南,河南省,,,1918.04,,
360000,江西省,省委书记,1,,佘积德,1972.04-1974.12,0000013698,,,,,,,,,
360000,江西省,省委书记,1,,江渭清,1974.12-1982.08,0000002007,,汉族,湖南平江县,湖南省,岳阳市,平江县,1910.00,1929.00,
360000,江西省,省委书记,1,第一书记,白栋材,1982.08-1985.06,0000000051,男,汉族,陕西省清涧县袁家沟,陕西省,榆林市,清涧县,1916.01,,
360000,江西省,省委书记,1,,万绍芬,1985.06-1988.04,0000014435,女,汉族,江西南昌,江西省,南昌市,,1930.08,1952.07,
360000,江西省,省委书记,1,,毛致用,1988.04-1995.04,0000003893,男,汉族,湖南岳阳,湖南省,岳阳市,,1929.11,1952.12,
360000,江西省,省委书记,1,,吴官正,1995.04-1997.04,0000006089,男,汉族,江西余干,江西省,上饶市,余干县,1938.08,1962.03,研究生
360000,江西省,省委书记,1,,舒惠国,1997.04-2001.04,0000013854,男,汉族,江西靖安,江西省,宜春市,靖安县,1938.07,,
360000,江西省,省委书记,1,,孟建柱,2001.04-2007.11,0000003913,男,汉族,江苏吴县,江苏省,苏州市,,1947.07,1971.06,研究生
360000,江西省,省委书记,1,,苏荣,2007.11-2013.03,0000005506,男,汉族,吉林洮南,吉林省,白城市,洮南市,1948.10,1970.01,研究生
360000,江西省,省委书记,1,,强卫,2013.03-2016.06,0000004159,男,汉族,江苏无锡,江苏省,无锡市,,1953.03,1975.03,研究生
360000,江西省,省委书记,1,代,刘奇,2016.07-2016.09,0000003294,男,汉族,山东沂水,山东省,临沂市,沂水县,1957.09,1976.10,博士
360000,江西省,省委书记,1,,刘奇,2016.09-至今,0000003294,男,汉族,山东沂水,山东省,临沂市,沂水县,1957.09,1976.10,博士
360000,江西省,省委书记,1,,刘奇,2018.03-至今,0000003294,男,汉族,山东沂水,山东省,临沂市,沂水县,1957.09,1976.10,博士
370000,山东省,省长,2,,康生,1949.03-1950.03,0000002149,,汉族,,,,,1898.00,,
370000,山东省,省长,2,,赵健民,1955.03-1958.11,0000017564,男,汉族,山东冠县,山东省,聊城市,冠县,1912.06,1932.00,
370000,山东省,省长,2,,谭启龙,1958.11-1963.12,0000006032,,,,,,,,,
370000,山东省,省长,2,,白如冰,1963.12-1967.01,0000000066,,汉族,陕西清涧高杰村乡袁家沟村,陕西省,榆林市,清涧县,1912.03,,高中
370000,山东省,省长,2,,王效禹,1967.03-1971.03,0000004866,,汉族,,,,,1914.02,,
370000,山东省,省长,2,,杨得志,1971.03-1974.11,0000006680,,,,,,,,,
370000,山东省,省长,2,,白如冰,1974.11-1979.12,0000000066,,汉族,陕西清涧高杰村乡袁家沟村,陕西省,榆林市,清涧县,1912.03,,高中
370000,山东省,省长,2,,苏毅然,1979.12-1982.12,0000005515,,汉族,四川苍溪,四川省,广元市,苍溪县,1918.11,1937.00,
370000,山东省,省长,2,代,梁步庭,1982.12-1983.04,0000002883,男,汉族,山东省微山县,山东省,济宁市,微山县,1921.11,1939.00,
370000,山东省,省长,2,,梁步庭,1983.04-1985.06,0000002883,男,汉族,山东省微山县,山东省,济宁市,微山县,1921.11,1939.00,
370000,山东省,省长,2,,李昌安,1985.06-1987.07,0000011173,男,汉族,辽宁省鞍山市台安县,辽宁省,鞍山市,台安县,1935.10,1961.06,
370000,山东省,省长,2,,姜春云,1987.07-1988.02,0000002019,,,山东莱西,山东省,青岛市,莱西市,1930.04,1947.02,
370000,山东省,省长,2,,赵志浩,1989.03-1995.02,0000008026,,,,,,,,,
370000,山东省,省长,2,,李春亭,1995.02-2001.12,0000011203,男,汉族,山东栖霞,山东省,烟台市,栖霞市,1936.10,1958.00,
370000,山东省,省长,2,代,张高丽,2001.12-2002.03,0000007281,男,汉族,福建晋江,福建省,泉州市,晋江市,1946.11,1973.12,本科
370000,山东省,省长,2,,张高丽,2002.03-2003.01,0000007281,男,汉族,福建晋江,福建省,泉州市,晋江市,1946.11,1973.12,本科
370000,山东省,省长,2,代,韩寓群,2003.01-2003.04,0000001460,男,汉族,江苏睢宁,江苏省,徐州市,睢宁县,1943.09,1975.12,本科
370000,山东省,省长,2,,韩寓群,2003.04-2007.06,0000001460,男,汉族,江苏睢宁,江苏省,徐州市,睢宁县,1943.09,1975.12,本科
370000,山东省,省长,2,代,姜大明,2007.06-2008.01,0000002020,男,汉族,山东荣成,山东省,威海市,荣成市,1953.03,1976.12,研究生
370000,山东省,省长,2,,姜大明,2008.01-2013.03,0000002020,男,汉族,山东荣成,山东省,威海市,荣成市,1953.03,1976.12,研究生
370000,山东省,省长,2,代,郭树清,2013.03-2013.06,0000001377,男,汉族,内蒙古察右后旗,内蒙古自治区,乌兰察布市,察哈尔右翼后旗,1956.08,1984.04,博士
370000,山东省,省长,2,,郭树清,2013.06-2017.02,0000001377,男,汉族,内蒙古察右后旗,内蒙古自治区,乌兰察布市,察哈尔右翼后旗,1956.08,1984.04,博士
370000,山东省,省长,2,,龚正,2017.04-至今,0000001282,男,汉族,江苏苏州,江苏省,苏州市,,1960.03,1985.04,博士
370000,山东省,省委书记,1,,康生,1949.03-1954.08,0000002149,,汉族,,,,,1898.00,,
370000,山东省,省委书记,1,,舒同,1954.08-1960.10,0000013855,男,汉族,江西省东乡县,江西省,抚州市,东乡县,1905.11,,
370000,山东省,省委书记,1,,曾希圣,1960.10-1961.04,0000000217,,汉族,湖南兴宁（今资兴）州门司镇,湖南省,郴州市,资兴市,1904.10,,
370000,山东省,省委书记,1,,谭启龙,1961.04-1967.02,0000006032,,,,,,,,,
370000,山东省,省委书记,1,,杨得志,1971.04-1974.11,0000006680,男,汉族,,,,,1911.01,,
370000,山东省,省委书记,1,,白如冰,1974.11-1982.12,0000000066,,汉族,陕西清涧高杰村乡袁家沟村,陕西省,榆林市,清涧县,1912.03,,高中
370000,山东省,省委书记,1,,苏毅然,1982.12-1985.06,0000005515,,汉族,四川苍溪,四川省,广元市,苍溪县,1918.11,1937.00,
370000,山东省,省委书记,1,,梁步庭,1985.06-1988.12,0000002883,男,汉族,山东省微山县,山东省,济宁市,微山县,1921.11,1939.00,
370000,山东省,省委书记,1,,姜春云,1988.12-1994.10,0000002019,,,山东莱西,山东省,青岛市,莱西市,1930.04,1947.02,
370000,山东省,省委书记,1,,赵志浩,1994.10-1997.04,0000008026,,,,,,,,,
370000,山东省,省委书记,1,,吴官正,1997.04-2002.11,0000006089,男,汉族,江西余干,江西省,上饶市,余干县,1938.08,1962.03,研究生
370000,山东省,省委书记,1,,张高丽,2002.11-2007.03,0000007281,男,汉族,福建晋江,福建省,泉州市,晋江市,1946.11,1973.12,本科
370000,山东省,省委书记,1,,李建国,2007.03-2008.03,0000002408,男,汉族,山东鄄城,山东省,菏泽市,鄄城县,1946.04,1971.06,本科
370000,山东省,省委书记,1,,姜异康,2008.03-2017.03,0000010834,男,汉族,山东招远,山东省,烟台市,招远市,1953.01,1970.12,研究生
370000,山东省,省委书记,1,,刘家义,2017.03-至今,0000018938,男,,重庆,重庆市,,,1956.08,1976.08,博士
410000,河南省,省长,2,,吴芝圃,1949.05-1962.07,0000006177,男,汉族,河南杞县,河南省,开封市,杞县,1906.03,,
410000,河南省,省长,2,,张玺,1949.10-1952.11,0000017287,,,,,,,1912.00,,
410000,河南省,省长,2,,潘复生,1952.11-1958.08,0000004041,男,汉族,山东文登县,山东省,威海市,文登区,1908.00,,
410000,河南省,省长,2,,刘建勋,1961.07-文革,0000003222,,汉族,,,,,1913.10,,
410000,河南省,省长,2,,刘建勋,1971.03-1978.10,0000003222,,汉族,,,,,1913.10,,
410000,河南省,省长,2,,段君毅,1978.10-1981.01,0000000968,男,,河南省范县白衣阁,河南省,濮阳市,范县,1910.03,,
410000,河南省,省长,2,,刘杰,1981.01-1985.05,0000003232,,,河北省威县张营乡邵庄村,河北省,邢台市,威县,1915.02,,高中
410000,河南省,省长,1,代,于明涛,1982.12-1983.02,0000018350,男,,河北深州,河北省,衡水市,深州市,1917.11,1936.09,
410000,河南省,省长,2,,杨析综,1985.05-1990.03,0000006839,,汉族,四川大邑,四川省,成都市,大邑县,1928.09,1952.00,
410000,河南省,省长,2,,侯宗宾,1990.03-1992.10,0000001613,,汉族,河北南和,河北省,邢台市,南和县,1929.01,1946.00,
410000,河南省,省长,2,,李长春,1992.12-1998.02,0000002804,,汉族,,,,,1944.02,,本科
410000,河南省,省长,2,,马忠臣,1992.12-1998.07,0000003870,,回族,,,,,1970.06,,专科
410000,河南省,省长,2,,陈奎元,2000.10-2002.12,0000000426,男,汉族,,,,,,,本科
410000,河南省,省长,2,,李克强,2002.12-2004.12,0000002486,男,汉族,安徽定远,安徽省,滁州市,定远县,1955.07,1976.05,博士
410000,河南省,省长,2,,李成玉,2004.12-2008.04,0000002264,男,回族,宁夏海原,宁夏回族自治区,中卫市,海原县,1946.08,,
410000,河南省,省长,2,代,郭庚茂,2008.04-2009.01,0000001335,男,汉族,河北冀州,河北省,衡水市,冀州区,1950.12,1972.03,研究生
410000,河南省,省长,2,,郭庚茂,2009.01-2013.03,0000001335,男,汉族,河北冀州,河北省,衡水市,冀州区,1950.12,1972.03,研究生
410000,河南省,省长,2,,谢伏瞻,2013.04-2016.04,0000015707,男,汉族,湖北天门,湖北省,天门市,,1954.08,1974.11,研究生
410000,河南省,省长,2,,陈润儿,2016.04-至今,0000000494,男,汉族,湖南茶陵,湖南省,株洲市,茶陵县,1957.10,1975.12,研究生
410000,河南省,省委书记,1,,吴芝圃,1958.08-1961.07,0000006177,男,汉族,河南杞县,河南省,开封市,杞县,1906.03,,
410000,河南省,省委书记,1,,文敏生,1962.07-1968.01,0000006039,男,汉族,山西垣曲县,山西省,运城市,垣曲县,1915.10,1937.05,
410000,河南省,省委书记,1,,刘建勋,1968.01-1978.10,0000003222,,汉族,,,,,1913.10,,
410000,河南省,省委书记,1,,段君毅,1978.10-1979.09,0000000968,男,,河南省范县白衣阁,河南省,濮阳市,范县,1910.03,,
410000,河南省,省委书记,1,,刘杰,1979.09-1980.12,0000003232,,,河北省威县张营乡邵庄村,河北省,邢台市,威县,1915.02,,高中
410000,河南省,省委书记,1,,戴苏理,1981.01-1982.12,0000000771,,,山西省襄垣县戴家庄,山西省,长治市,襄垣县,1919.11,1937.08,
410000,河南省,省委书记,1,,于明涛,1982.12-1983.04,0000018350,男,,河北深州,河北省,衡水市,深州市,1917.11,1936.09,
410000,河南省,省委书记,1,,何竹康,1983.03-1987.07,0000001558,,,江苏启东,江苏省,南通市,启东市,1932.00,,
410000,河南省,省委书记,1,,程维高,1987.07-1990.07,0000000673,男,汉族,江苏苏州,江苏省,苏州市,,1933.09,,大专
410000,河南省,省委书记,1,,李长春,1990.07-1992.12,0000002804,,汉族,,,,,1944.02,,本科
410000,河南省,省委书记,1,,马忠臣,1998.02-2000.10,0000003870,,,,,,,,,专科
410000,河南省,省委书记,1,,李克强,1998.07-2003.01,0000002486,男,汉族,安徽定远,安徽省,滁州市,定远县,1955.07,1976.05,博士
410000,河南省,省委书记,1,,李成玉,2003.01-2008.04,0000002264,男,回族,宁夏海原,宁夏回族自治区,中卫市,海原县,1946.08,,
410000,河南省,省委书记,1,,卢展工,2009.11-2013.03,0000003568,男,汉族,浙江慈溪,浙江省,宁波市,慈溪市,1952.05,1975.01,本科
410000,河南省,省委书记,1,,郭庚茂,2013.03-2016.03,0000001335,男,汉族,河北冀州,河北省,衡水市,冀州区,1950.12,1972.03,研究生
410000,河南省,省委书记,1,,郭庚茂,2013.03-2016.03,0000001335,男,汉族,河北冀州,河北省,衡水市,冀州区,1950.12,1972.03,研究生
410000,河南省,省委书记,1,,谢伏瞻,2016.03-2018.03,0000015707,男,汉族,湖北天门,湖北省,天门市,,1954.08,1974.11,研究生
410000,河南省,省委书记,1,,王国生,2018.03-至今,0000005955,男,汉族,山东东阿,山东省,聊城市,东阿县,1956.05,1975.06,研究生
420000,湖北省,省长,2,,李先念,1949.05-1954.05,0000002683,,,湖北黄安,湖北省,黄冈市,红安县,1909.06,,
420000,湖北省,省长,2,,刘子厚,1954.08-1956.01,0000003504,,汉族,河北省任县,河北省,邢台市,任县,1909.00,1929.10,
420000,湖北省,省长,2,,张体学,1956.01-文革,0000017251,,,河南省光山县,河南省,信阳市,光山县,,1932.00,
420000,湖北省,省长,2,,曾思玉,1968.01-1974.03,0000000212,,汉族,江西信丰,江西省,赣州市,信丰县,1911.02,,
420000,湖北省,省长,2,,赵辛初,1974.03-1978.08,0000007991,,汉族,湖北省黄梅县五祖镇洪楼村,湖北省,黄冈市,黄梅县,1915.03,1938.00,
420000,湖北省,省长,2,,陈丕显,1978.08-1980.01,0000000458,男,汉族,福建省上杭县,福建省,龙岩市,上杭县,1916.03,,
420000,湖北省,省长,2,,韩宁夫,1979.12-1983.04,0000010032,男,汉族,山东高唐,山东省,聊城市,高唐县,1915.09,1937.11,本科
420000,湖北省,省长,2,,黄知真,1983.04-1986.01,0000010642,,,江西横峰,江西省,上饶市,横峰县,1920.10,,
420000,湖北省,省长,2,代,郭振乾,1986.01-1986.05,0000001414,男,汉族,河南洛宁,河南省,洛阳市,洛宁,1933.00,1949.00,本科
420000,湖北省,省长,2,,郭振乾,1986.05-1990.03,0000001414,男,汉族,河南洛宁,河南省,洛阳市,洛宁,1933.00,1949.00,本科
420000,湖北省,省长,2,代,郭树言,1990.02-1990.05,0000001379,,,河南镇平,河南省,南阳市,镇平县,1935.10,1957.03,本科
420000,湖北省,省长,2,,郭树言,1990.05-1992.12,0000001379,,,河南镇平,河南省,南阳市,镇平县,1935.10,1957.03,本科
420000,湖北省,省长,2,代,贾志杰,1992.12-1993.05,0000001976,男,汉族,吉林扶余,吉林省,松原市,扶余市,1935.12,1960.05,本科
420000,湖北省,省长,2,,贾志杰,1993.05-1995.02,0000001976,男,汉族,吉林扶余,吉林省,松原市,扶余市,1935.12,1960.05,本科
420000,湖北省,省长,2,,蒋祝平,1995.02-2000.12,0000002082,,,江苏宜兴,江苏省,无锡市,宜兴市,1937.11,1960.00,
420000,湖北省,省长,2,代,张国光,2001.01-2001.02,0000007310,男,汉族,辽宁绥中,辽宁省,葫芦岛市,绥中县,1945.04,1966.02,本科
420000,湖北省,省长,2,,张国光,2001.02-2002.05,0000007310,男,汉族,辽宁绥中,辽宁省,葫芦岛市,绥中县,1945.04,1966.02,本科
420000,湖北省,省长,2,代,罗清泉,2002.10-2003.01,0000003665,男,汉族,湖北江陵,湖北省,荆州市,江陵县,1945.11,1975.12,本科
420000,湖北省,省长,2,,罗清泉,2003.01-2007.12,0000003665,男,汉族,湖北江陵,湖北省,荆州市,江陵县,1945.11,1975.12,本科
420000,湖北省,省长,2,代,李鸿忠,2007.12-2008.01,0000002382,男,汉族,山东昌乐,山东省,潍坊市,昌乐县,1956.08,1976.12,本科
420000,湖北省,省长,2,,李鸿忠,2008.01-2010.12,0000002382,男,汉族,山东昌乐,山东省,潍坊市,昌乐县,1956.08,1976.12,本科
420000,湖北省,省长,2,代,王国生,2010.12-2011.02,0000005955,男,汉族,山东东阿,山东省,聊城市,东阿县,1956.05,1975.06,研究生
420000,湖北省,省长,2,,王国生,2011.02-2016.06,0000005955,男,汉族,山东东阿,山东省,聊城市,东阿县,1956.05,1975.06,研究生
420000,湖北省,省长,2,代,许达哲,2016.09-2016.12,0000018939,男,汉族,湖南浏阳,湖南省,长沙市,浏阳市,1956.09,1982.01,研究生
420000,湖北省,省长,2,代,王晓东,2016.09-2017.01,0000004855,男,汉族,江西信丰,江西省,赣州市,信丰县,1960.01,1983.01,研究生
420000,湖北省,省长,2,,许达哲,2016.12-至今,0000018939,男,汉族,湖南浏阳,湖南省,长沙市,浏阳市,1956.09,1982.01,研究生
420000,湖北省,省长,2,,王晓东,2017.01-至今,0000004855,男,汉族,江西信丰,江西省,赣州市,信丰县,1960.01,1983.01,研究生
420000,湖北省,省委书记,1,,李先念,1949.05-1954.05,0000002683,,,湖北黄安,湖北省,黄冈市,红安县,1909.06,,
420000,湖北省,省委书记,1,,王任重,1954.05-1966.08,0000004724,男,,河北省衡水市景县,河北省,衡水市,景县,1917.00,1933.00,
420000,湖北省,省委书记,1,,曾思玉,1966.08-1973.12,0000000212,,汉族,江西信丰,江西省,赣州市,信丰县,1911.02,,
420000,湖北省,省委书记,1,,赵辛初,1973.12-1978.08,0000007991,,汉族,湖北省黄梅县五祖镇洪楼村,湖北省,黄冈市,黄梅县,1915.03,1938.00,
420000,湖北省,省委书记,1,,陈丕显,1978.08-1982.08,0000000458,男,汉族,福建省上杭县,福建省,龙岩市,上杭县,1916.03,,
420000,湖北省,省委书记,1,,关广富,1983.02-1994.12,0000009848,男,满族,黑龙江穆棱,黑龙江省,牡丹江市,穆棱市,1931.12,1948.00,
420000,湖北省,省委书记,1,,贾志杰,1994.12-2001.01,0000001976,男,汉族,吉林扶余,吉林省,松原市,扶余市,1935.12,1960.05,本科
420000,湖北省,省委书记,1,,蒋祝平,2000.12-2001.12,0000002082,,,江苏宜兴,江苏省,无锡市,宜兴市,1937.11,1960.00,
420000,湖北省,省委书记,1,,俞正声,2001.12-2007.10,0000007090,男,汉族,浙江绍兴,浙江省,绍兴市,,1945.04,1964.11,本科
420000,湖北省,省委书记,1,,罗清泉,2007.10-2010.12,0000003665,男,汉族,湖北江陵,湖北省,荆州市,江陵县,1945.11,1975.12,本科
420000,湖北省,省委书记,1,,李鸿忠,2010.12-2016.09,0000002382,男,汉族,山东昌乐,山东省,潍坊市,昌乐县,1956.08,1976.12,本科
420000,湖北省,省委书记,1,,蒋超良,2016.10-至今,0000002051,男,汉族,湖南汨罗,湖南省,岳阳市,汨罗市,1957.08,1981.05,研究生
430000,湖南省,省长,2,,陈明仁,1949.08-1950.04,0000008648,,汉族,,,,,1903.04,,
430000,湖南省,省长,2,,王首道,1950.04-1952.03,0000014876,男,汉族,湖南省浏阳市,湖南省,长沙市,浏阳市,1906.04,,
430000,湖南省,省长,2,,程潜,1952.12-文革初期,0000008918,,汉族,湖南醴陵,湖南省,株洲市,醴陵市,1882.03,,
430000,湖南省,省长,2,,黎原,1968.04-1970.05,0000011147,,,,,,,,,
430000,湖南省,省长,2,,华国锋,1970.05-1977.11,0000001703,女,,,,,,1976.00,,
430000,湖南省,省长,2,,毛致用,1977.11-1979.12,0000003893,男,汉族,湖南岳阳,湖南省,岳阳市,,1929.11,1952.12,
430000,湖南省,省长,2,,孙治国,1979.12-1983.04,0000014167,,,山西省涞源县银坊乡,山西省,保定市,涞源县,1917.00,1938.03,
430000,湖南省,省长,2,,刘正,1983.02-1985.06,0000012502,,汉族,湖南长沙,湖南省,长沙市,,1929.01,,
430000,湖南省,省长,2,,熊清泉,1985.07-1989.02,0000006402,,,湖南双峰县,湖南省,娄底市,双峰县,1927.12,,
430000,湖南省,省长,2,代,陈邦柱,1989.02-1989.05,0000000254,,,江西省九江,江西省,九江市,,1934.09,,本科
430000,湖南省,省长,2,,陈邦柱,1989.05-1995.01,0000000254,,,江西省九江,江西省,九江市,,1934.09,,本科
430000,湖南省,省长,2,代,杨正午,1995.01-1995.02,0000006912,,土家族,湖南龙山,湖南省,湘西土家族苗族自治州,龙山县,1941.02,1969.08,大专
430000,湖南省,省长,2,,杨正午,1995.02-1998.10,0000006912,,土家族,湖南龙山,湖南省,湘西土家族苗族自治州,龙山县,1941.02,1969.08,大专
430000,湖南省,省长,2,代,储波,1998.10-1999.02,0000000702,男,汉族,安徽桐城,安徽省,安庆市,桐城市,1944.10,1969.10,本科
430000,湖南省,省长,2,,储波,1999.02-2001.08,0000000702,男,汉族,安徽桐城,安徽省,安庆市,桐城市,1944.10,1969.10,本科
430000,湖南省,省长,2,代,张云川,2001.08-2002.02,0000007783,男,汉族,浙江东阳,浙江省,金华市,东阳市,1946.10,1973.06,本科
430000,湖南省,省长,2,,张云川,2002.02-2003.03,0000007783,男,汉族,浙江东阳,浙江省,金华市,东阳市,1946.10,1973.06,本科
430000,湖南省,省长,2,代,周伯华,2003.03-2004.01,0000005240,男,汉族,湖南湘潭,湖南省,湘潭市,,1948.07,1970.12,大专
430000,湖南省,省长,2,,周伯华,2004.01-2006.09,0000005240,男,汉族,湖南湘潭,湖南省,湘潭市,,1948.07,1970.12,大专
430000,湖南省,省长,2,代,周强,2006.09-2007.02,0000005297,男,汉族,湖北黄梅,湖北省,黄冈市,黄梅县,1960.04,1978.09,研究生
430000,湖南省,省长,2,,周强,2007.02-2010.09,0000005297,男,汉族,湖北黄梅,湖北省,黄冈市,黄梅县,1960.04,1978.09,研究生
430000,湖南省,省长,2,,徐守盛,2010.09-2013.04,0000006474,男,汉族,江苏如东,江苏省,南通市,如东县,1953.01,1973.10,研究生
430000,湖南省,省长,2,代,杜家毫,2013.04-2013.05,0000000933,男,汉族,浙江宁波,浙江省,宁波市,,1955.07,1973.12,研究生
430000,湖南省,省长,2,,杜家毫,2013.05-2016.09,0000000933,男,汉族,浙江宁波,浙江省,宁波市,,1955.07,1973.12,研究生
430000,湖南省,省委书记,1,,黄克诚,1949.08-1952.09,0000001781,男,汉族,湖南省郴州市永兴县三塘乡下青村,湖南省,郴州市,永兴县,1902.10,1925.00,
430000,湖南省,省委书记,1,,金明,1952.09-1953.10,0000010931,男,汉族,山东省益都县,山东省,潍坊市,青州市,1913.12,,
430000,湖南省,省委书记,1,,周小舟,1953.10-1959.09,0000017997,,汉族,湖南湘潭,湖南省,湘潭市,,1912.11,1935.00,本科
430000,湖南省,省委书记,1,,张平化,1959.09-1967.08,0000007534,,汉族,湖南炎陵（原酃县）,湖南省,株洲市,炎陵县,1907.05,1927.11,
430000,湖南省,省委书记,1,,王延春,1966.06-文革初期,0000004902,,,,,,,,,
430000,湖南省,省委书记,1,,华国锋,1970.11-1977.06,0000001703,女,,,,,,1976.00,,
430000,湖南省,省委书记,1,,毛致用,1977.06-1988.04,0000003893,男,汉族,湖南岳阳,湖南省,岳阳市,,1929.11,1952.12,
430000,湖南省,省委书记,1,,熊清泉,1988.04-1993.09,0000006402,,,湖南双峰县,湖南省,娄底市,双峰县,1927.12,,
430000,湖南省,省委书记,1,,王茂林,1993.09-1998.09,0000004640,男,汉族,江苏启东,江苏省,南通市,启东市,1934.12,1956.06,
430000,湖南省,省委书记,1,,杨正午,1998.09-2006.01,0000006912,,土家族,湖南龙山,湖南省,湘西土家族苗族自治州,龙山县,1941.02,1969.08,大专
430000,湖南省,省委书记,1,,张春贤,2005.12-2010.04,0000007238,男,汉族,河南禹州,河南省,许昌市,禹州市,1953.05,1973.11,研究生
430000,湖南省,省委书记,1,,周强,2010.09-2013.03,0000005297,男,汉族,湖北黄梅,湖北省,黄冈市,黄梅县,1960.04,1978.09,研究生
430000,湖南省,省委书记,1,,徐守盛,2013.03-2016.08,0000006474,男,汉族,江苏如东,江苏省,南通市,如东县,1953.01,1973.10,研究生
430000,湖南省,省委书记,1,,杜家毫,2016.08-至今,0000000933,男,汉族,浙江宁波,浙江省,宁波市,,1955.07,1973.12,研究生
440000,广东省,省长,2,,叶剑英,1949.11-1955.02,0000006963,,汉族,广东省梅县,广东省,梅州市,梅县区,1897.04,,
440000,广东省,省长,2,代,陶铸,1953.02-1953.09,0000005756,,汉族,,,,,1908.01,,
440000,广东省,省长,2,,陶铸,1953.09-1957.07,0000005756,,汉族,,,,,1908.01,,
440000,广东省,省长,2,,陈郁,1957.07-1968.02,0000008829,,,广东省宝安县南头陈屋村（今广东省深圳市南山区南头街道）[,广东省,深圳市,南山区,1901.11,1925.08,
440000,广东省,省长,2,代,林李明,1965.12-1968.02,0000011967,,,,,,,1910.00,,
440000,广东省,省长,2,,黄永胜,1968.02-1969.06,0000001878,,汉族,,,,,1910.11,,
440000,广东省,省长,2,,刘兴元,1969.06-1972.03,0000003403,,,,,,,1908.10,,
440000,广东省,省长,2,,丁盛,1972.03-1974.04,0000000858,女,,,,,,,,大专
440000,广东省,省长,2,,赵紫阳,1974.04-1975.11,0000005470,,汉族,河南省滑县,河南省,安阳市,滑县,1919.10,1938.02,
440000,广东省,省长,2,,韦国清,1975.11-1979.01,0000005069,,壮族,广西东兰县,广西壮族自治区,河池市,东兰县,1913.09,,
440000,广东省,省长,2,,习仲勋,1979.01-1980.11,0000006222,,汉族,陕西省富平县淡村镇中合村,陕西省,渭南市,富平县,1913.10,,
440000,广东省,省长,2,,刘田夫,1981.02-1983.04,0000012333,男,,四川广安,四川省,广安市,,1908.10,,
440000,广东省,省长,2,,梁灵光,1983.04-1985.08,0000002909,,,福建永春,福建省,泉州市,永春县,1916.11,1940.08,
440000,广东省,省长,2,,叶选平,1985.08-1991.05,0000006981,,汉族,广东梅县,广东省,梅州市,梅县区,1924.11,1945.09,
440000,广东省,省长,2,代,朱森林,1991.05-1992.01,0000018300,,,,,,,1930.10,,本科
440000,广东省,省长,2,,朱森林,1992.01-1996.02,0000018300,,,,,,,1930.10,,本科
440000,广东省,省长,2,,卢瑞华,1996.02-2003.01,0000003553,男,汉族,广东潮州,广东省,潮州市,,1938.11,1972.06,研究生
440000,广东省,省长,2,,黄华华,2003.01-2011.11,0000001752,男,汉族,广东兴宁,广东省,梅州市,兴宁市,1946.10,1971.06,研究生
440000,广东省,省长,2,代,朱小丹,2011.11-2012.01,0000005389,男,汉族,浙江温州,浙江省,温州市,,1953.01,1975.12,研究生
440000,广东省,省长,2,,朱小丹,2012.01-2016.,0000005389,男,汉族,浙江温州,浙江省,温州市,,1953.01,1975.12,研究生
440000,广东省,省长,2,代,马兴瑞,2016.-2017.,0000012972,男,汉族,山东郓城,山东省,菏泽市,郓城县,1959.10,1988.01,博士
440000,广东省,省长,2,,马兴瑞,2017.-至今,0000012972,男,汉族,山东郓城,山东省,菏泽市,郓城县,1959.10,1988.01,博士
440000,广东省,省委书记,1,,叶剑英,1949.08-1955.07,0000006963,,汉族,广东省梅县,广东省,梅州市,梅县区,1897.04,,
440000,广东省,省委书记,1,,陶铸,1955.07-1965.02,0000005756,,汉族,,,,,1908.01,,
440000,广东省,省委书记,1,,赵紫阳,1965.02-1967.03,0000005470,,汉族,河南省滑县,河南省,安阳市,滑县,1919.10,1938.02,
440000,广东省,省委书记,1,革委核心小组组长,黄永胜,1968.02-1969.11,0000001878,,汉族,,,,,1910.11,,
440000,广东省,省委书记,1,革委核心小组组长,刘兴元,1969.11-1972.03,0000003403,,,,,,,1908.10,,
440000,广东省,省委书记,1,,丁盛,1972.03-1973.12,0000000858,女,,,,,,,,大专
440000,广东省,省委书记,1,,赵紫阳,1974.04-1975.10,0000005470,,汉族,河南省滑县,河南省,安阳市,滑县,1919.10,1938.02,
440000,广东省,省委书记,1,,韦国清,1975.10-1978.12,0000005069,,壮族,广西东兰县,广西壮族自治区,河池市,东兰县,1913.09,,
440000,广东省,省委书记,1,,习仲勋,1978.12-1980.11,0000006222,,汉族,陕西省富平县淡村镇中合村,陕西省,渭南市,富平县,1913.10,,
440000,广东省,省委书记,1,,任仲夷,1980.11-1985.07,0000004279,,汉族,河北邢台威县西小庄,河北省,邢台市,威县,1914.09,,
440000,广东省,省委书记,1,,林若,1982.12-1991.01,0000003025,男,,广东潮安,广东省,潮州市,潮安区,1924.10,,本科
440000,广东省,省委书记,1,,谢非,1991.01-1998.03,0000015705,男,汉族,广东陆河,广东省,汕尾市,陆河县,1932.11,1949.07,
440000,广东省,省委书记,1,,李长春,1998.03-2002.11,0000002804,,汉族,,,,,1944.02,,本科
440000,广东省,省委书记,1,,张德江,2002.11-2007.12,0000007249,男,汉族,辽宁台安,辽宁省,鞍山市,台安县,1946.11,1971.01,本科
440000,广东省,省委书记,1,,汪洋,2007.12-2012.12,0000005848,男,汉族,安徽宿州,安徽省,宿州市,,1955.03,1975.08,研究生
440000,广东省,省委书记,1,,胡春华,2012.12-2017.,0000001626,男,汉族,湖北五峰,湖北省,宜昌市,五峰土家族自治县,1963.04,1983.04,研究生
440000,广东省,省委书记,1,,李希,2017.10-至今,0000002679,男,汉族,甘肃两当,甘肃省,陇南市,两当县,1956.10,1982.01,研究生
450000,广西壮族自治区,自治区党委书记,3,,张云逸,1949.08-1956.01,0000007784,,,,,,,,,
450000,广西壮族自治区,自治区党委书记,3,,陈漫远,1956.01-1957.06,0000008641,,汉族,,,,,1911.12,,
450000,广西壮族自治区,自治区党委书记,3,,刘建勋,1957.06-1961.07,0000003222,,汉族,,,,,1913.10,,
450000,广西壮族自治区,自治区党委书记,3,,韦国清,1961.07-1975.10,0000005069,,壮族,广西东兰县,广西壮族自治区,河池市,东兰县,1913.09,,
450000,广西壮族自治区,自治区党委书记,3,,安平生,1975.10-1977.02,0000000031,,,陕西省西安市周至县,陕西省,西安市,周至县,1917.00,1937.05,
450000,广西壮族自治区,自治区党委书记,3,,乔晓光,1977.02-1985.06,0000004167,,汉族,,,,,,,
450000,广西壮族自治区,自治区党委书记,3,,陈辉光,1985.06-1990.10,0000000366,男,,广西玉林,广西壮族自治区,玉林市,,1938.11,,
450000,广西壮族自治区,自治区党委书记,3,,赵富林,1990.10-1997.07,0000007864,,汉族,,,,,1932.07,,本科
450000,广西壮族自治区,自治区党委书记,3,,曹伯纯,1997.07-2006.06,0000000158,男,汉族,湖南株洲,湖南省,株洲市,,1941.11,,大专
450000,广西壮族自治区,自治区党委书记,3,,刘奇葆,2006.06-2007.12,0000003295,男,汉族,安徽宿松,安徽省,安庆市,宿松县,1953.01,1971.12,研究生
450000,广西壮族自治区,自治区党委书记,3,,郭声琨,2007.12-2012.12,0000009922,男,汉族,,,,,1954.10,,博士
450000,广西壮族自治区,自治区党委书记,3,,彭清华,2012.12-2018.,0000013358,男,汉族,湖北大冶,湖北省,黄石市,大冶市,1957.04,1976.06,博士
450000,广西壮族自治区,自治区党委书记,3,,鹿心社,2018.03-至今,0000003610,男,汉族,山东巨野,山东省,菏泽市,巨野县,1956.11,1985.07,本科
450000,广西壮族自治区,自治区主席,4,,张云逸,1949.12-1955.02,0000007784,,,,,,,,,
450000,广西壮族自治区,自治区主席,4,,韦国清,1955.02-1977.12,0000005069,,壮族,广西东兰县,广西壮族自治区,河池市,东兰县,1913.09,,
450000,广西壮族自治区,自治区主席,4,,乔晓光,1977.12-1979.12,0000004167,,汉族,,,,,,,
450000,广西壮族自治区,自治区主席,4,,覃应机,1979.12-1983.04,0000014201,男,壮族,广西东兰,广西壮族自治区,河池市,东兰县,1915.11,,
450000,广西壮族自治区,自治区主席,4,,韦纯束,1983.04-1990.01,0000005065,,壮族,广西象州,广西壮族自治区,来宾市,象州县,1922.00,1941.00,
450000,广西壮族自治区,自治区主席,4,代,成克杰,1990.01-1990.04,0000000639,男,壮族,广西上林县,广西壮族自治区,南宁市,上林县,1933.11,1954.02,本科
450000,广西壮族自治区,自治区主席,4,,成克杰,1990.04-1998.01,0000000639,男,壮族,广西上林县,广西壮族自治区,南宁市,上林县,1933.11,1954.02,本科
450000,广西壮族自治区,自治区主席,4,,李兆焯,1998.01-2003.04,0000002811,男,壮族,广西平果,广西壮族自治区,百色市,平果县,1944.09,1974.06,本科
450000,广西壮族自治区,自治区主席,4,代,陆兵,2003.04-2004.01,0000003585,,,,,,,,,
450000,广西壮族自治区,自治区主席,4,,陆兵,2004.01-2007.12,0000003585,,,,,,,,,
450000,广西壮族自治区,自治区主席,4,代,马飚,2007.12-2008.01,0000003748,男,壮族,广西田阳,广西壮族自治区,百色市,田阳县,1954.08,1985.06,本科
450000,广西壮族自治区,自治区主席,4,,马飚,2008.01-2013.03,0000003748,男,壮族,广西田阳,广西壮族自治区,百色市,田阳县,1954.08,1985.06,本科
450000,广西壮族自治区,自治区主席,4,代,陈武,2013.03-2013.04,0000000540,男,壮族,广西崇左,广西壮族自治区,崇左市,,1954.11,1975.02,研究生
450000,广西壮族自治区,自治区主席,4,,陈武,2013.04-至今,0000000540,男,壮族,广西崇左,广西壮族自治区,崇左市,,1954.11,1975.02,研究生
460000,海南省,省长,2,,梁湘,1988.04-1989.09,0000002928,,,广东开平,广东省,江门市,开平市,1919.11,,本科
460000,海南省,省长,2,,刘剑峰,1989.09-1993.02,0000012192,,,河北宁河,天津市,,宁河区,1936.06,1956.05,本科
460000,海南省,省长,2,,阮崇武,1993.02-1998.02,0000004288,男,汉族,河北省怀安县,河北省,张家口市,怀安县,1933.05,1952.06,
460000,海南省,省长,2,代,汪啸风,1998.02-1998.04,0000005847,男,,湖南慈利,湖南省,张家界市,慈利县,1944.10,,本科
460000,海南省,省长,2,,汪啸风,1998.04-2003.10,0000005847,男,,湖南慈利,湖南省,张家界市,慈利县,1944.10,,本科
460000,海南省,省长,2,代,卫留成,2003.10-2004.02,0000005089,男,汉族,河南泌阳,河南省,驻马店市,泌阳县,1946.08,1973.12,本科
460000,海南省,省长,2,,卫留成,2004.02-2007.01,0000005089,男,汉族,河南泌阳,河南省,驻马店市,泌阳县,1946.08,1973.12,本科
460000,海南省,省长,2,代,罗保铭,2007.01-2007.02,0000003625,男,汉族,天津市,天津市,,,1952.10,1971.08,研究生
460000,海南省,省长,2,,罗保铭,2007.02-2011.08,0000003625,男,汉族,天津市,天津市,,,1952.10,1971.08,研究生
460000,海南省,省长,2,代,蒋定之,2011.08-2012.02,0000002056,男,汉族,江苏溧阳,江苏省,常州市,溧阳市,1954.09,1978.07,研究生
460000,海南省,省长,2,,蒋定之,2012.02-2015.01,0000002056,男,汉族,江苏溧阳,江苏省,常州市,溧阳市,1954.09,1978.07,研究生
460000,海南省,省长,2,代,刘赐贵,2015.01-2015.02,0000003113,男,汉族,福建泉州,福建省,泉州市,,1955.09,1973.12,研究生
460000,海南省,省长,2,,刘赐贵,2015.02-2017.04,0000003113,男,汉族,福建泉州,福建省,泉州市,,1955.09,1973.12,研究生
460000,海南省,省长,2,代,沈晓明,2017.04-2017.05,0000018941,男,汉族,浙江绍兴,浙江省,绍兴市,,1963.05,1984.08,博士
460000,海南省,省长,2,,沈晓明,2017.05-至今,0000018941,男,汉族,浙江绍兴,浙江省,绍兴市,,1963.05,1984.08,博士
460000,海南省,省委书记,1,,许世杰,1988.02-1990.06,0000015983,,汉族,广东澄海,广东省,汕头市,澄海区,1920.00,1938.00,
460000,海南省,省委书记,1,,邓鸿勋,1990.06-1993.01,0000000802,,,江苏无锡,江苏省,无锡市,,1931.01,,本科
460000,海南省,省委书记,1,,阮崇武,1993.01-1998.02,0000004288,男,汉族,河北省怀安县,河北省,张家口市,怀安县,1933.05,1952.06,
460000,海南省,省委书记,1,,杜青林,1998.02-2001.08,0000000941,男,汉族,吉林磐石,吉林省,吉林市,磐石市,1946.11,1966.03,研究生
460000,海南省,省委书记,1,,白克明,2001.08-2002.11,0000000059,男,汉族,陕西靖边,陕西省,榆林市,靖边县,1943.10,1975.06,本科
460000,海南省,省委书记,1,,王岐山,2002.11-2003.04,0000014801,男,汉族,山西天镇,山西省,大同市,天镇县,1948.07,1983.02,大专
460000,海南省,省委书记,1,,汪啸风,2003.04-2006.12,0000005847,男,,湖南慈利,湖南省,张家界市,慈利县,1944.10,,本科
460000,海南省,省委书记,1,,卫留成,2007.02-2011.08,0000005089,男,汉族,河南泌阳,河南省,驻马店市,泌阳县,1946.08,1973.12,本科
460000,海南省,省委书记,1,,罗保铭,2011.08-2017.03,0000003625,男,汉族,天津市,天津市,,,1952.10,1971.08,研究生
460000,海南省,省委书记,1,,刘赐贵,2017.03-至今,0000003113,男,汉族,福建泉州,福建省,泉州市,,1955.09,1973.12,研究生
500000,重庆市,市长,6,,陈锡联,1949.12-1950.09,0000000544,,汉族,湖北省红安县,湖北省,黄冈市,红安县,1915.01,1930.00,
500000,重庆市,市长,6,,曹荻秋,1951.01-1955.01,0000000161,,汉族,四川资阳,四川省,资阳市,,1909.08,1929.00,本科
500000,重庆市,市长,6,,任白戈,1955.01-1966.07,0000004254,男,汉族,四川省南充市的嘉陵区龙泉,四川省,南充市,嘉陵区,1906.00,,
500000,重庆市,市长,6,革委会主任,蓝亦农,1967.05-1968.12,0000002201,男,汉族,,,,,1919.00,,大专
500000,重庆市,市长,6,,段思英,1968.12-1969上半年,0000000969,,,,,,,,,
500000,重庆市,市长,6,,何云峰,1969年上半年-1973.12,0000001550,,,,,,,,,
500000,重庆市,市长,6,,鲁大东,1973.12-1978.05,0000003571,,,馆陶,河北省,邯郸市,馆陶县,1915.03,,本科
500000,重庆市,市长,6,,钱敏,1978.05-1978.08,0000004148,,,江苏无锡,江苏省,无锡市,,1916.00,1938.00,
500000,重庆市,市长,6,,丁长河,1978.08-1980.03,0000000871,,,,,,,,,博士
500000,重庆市,市长,6,,于汉卿,1980.03-1985.05,0000016616,,,天津宁河县,天津市,,宁河区,1929.06,,
500000,重庆市,市长,6,,肖秧,1985.05-1988.08,0000006306,,汉族,四川省阆中市玉台镇,四川省,阆中市,,1929.07,1947.10,
500000,重庆市,市长,6,,孙同川,1988.08-1993.04,0000005604,男,汉族,河南舞阳,河南省,漯河市,舞阳县,1940.07,1970.03,本科
500000,重庆市,市长,6,,刘志忠,1993.05-1996.09,0000012509,男,汉族,广东汕头,广东省,汕头市,,1942.05,1965.09,本科
500000,重庆市,市长,6,,蒲海清,1996.09-1997.06,0000004121,男,汉族,四川省南部县,四川省,南充市,南部县,1941.12,1973.11,本科
500000,重庆市,市长,6,,蒲海清,1997.06-1999.06,0000004121,男,汉族,四川省南部县,四川省,南充市,南部县,1941.12,1973.11,本科
500000,重庆市,市长,6,代,包叙定,1999.06-2000.01,0000008182,男,汉族,江苏无锡,江苏省,无锡市,,1939.02,1961.01,
500000,重庆市,市长,6,,包叙定,2000.01-2002.10,0000008182,男,汉族,江苏无锡,江苏省,无锡市,,1939.02,1961.01,
500000,重庆市,市长,6,代,王鸿举,2002.10-2003.01,0000005972,男,汉族,重庆市渝中区,重庆市,,渝中区,1945.10,1979.02,本科
500000,重庆市,市长,6,,王鸿举,2003.01-2009.12,0000005972,男,汉族,重庆市渝中区,重庆市,,渝中区,1945.10,1979.02,本科
500000,重庆市,市长,6,代,黄奇帆,2009.11-2010.01,0000001805,男,汉族,浙江诸暨,浙江省,绍兴市,诸暨市,1952.05,1976.03,研究生
500000,重庆市,市长,6,,黄奇帆,2010.01-2016.12,0000001805,男,汉族,浙江诸暨,浙江省,绍兴市,诸暨市,1952.05,1976.03,研究生
500000,重庆市,市长,6,代,张国清,2016.12-2017.01,0000018931,男,汉族,河南罗山,河南省,信阳市,罗山县,1964.08,1984.07,博士
500000,重庆市,市长,6,,张国清,2017.01-2017.12,0000018931,男,汉族,河南罗山,河南省,信阳市,罗山县,1964.08,1984.07,博士
500000,重庆市,市长,6,,唐良智,2018.01-至今,0000005719,男,汉族,湖北洪湖,湖北省,荆州市,洪湖市,1960.06,1982.07,博士
500000,重庆市,市委书记,5,,陈锡联,1949.12-1950.09,0000000544,,汉族,湖北省红安县,湖北省,黄冈市,红安县,1915.01,1930.00,
500000,重庆市,市委书记,5,,张霖之,1950.12-1952.08,0000017122,,,,,,,1908.00,,
500000,重庆市,市委书记,5,,曹荻秋,1952.09-1956.06,0000000161,,汉族,四川资阳,四川省,资阳市,,1909.08,1929.00,本科
500000,重庆市,市委书记,5,,阎红彦,1956.06-1959.09,0000006623,男,汉族,陕西省安定（今子长）县瓦窑堡,陕西省,延安市,子长县,1909.10,,
500000,重庆市,市委书记,5,,任白戈,1959.09-1967.05,0000004254,男,汉族,四川省南充市的嘉陵区龙泉,四川省,南充市,嘉陵区,1906.00,,
500000,重庆市,市委书记,5,核心小组组长,蓝亦农,1967.05-1968.12,0000002201,男,汉族,,,,,1919.00,,大专
500000,重庆市,市委书记,5,,段思英,1968.12-1969年上半年,0000000969,,,,,,,,,
500000,重庆市,市委书记,5,,何云峰,1969年上半年-1973.12,0000001550,,,,,,,,,
500000,重庆市,市委书记,5,第一书记,鲁大东,1973.12-1977.12,0000003571,,,馆陶,河北省,邯郸市,馆陶县,1915.03,,本科
500000,重庆市,市委书记,5,,钱敏,1977.03-1978.08,0000004148,,,江苏无锡,江苏省,无锡市,,1916.00,1938.00,
500000,重庆市,市委书记,5,,丁长河,1978.08-1980.03,0000000871,,,,,,,,,博士
500000,重庆市,市委书记,5,,王谦,1981.09-1985.02,0000002202,,,,,,,1929.06,,
500000,重庆市,市委书记,5,,廖伯康,1985.02-1988.08,0000011891,,,重庆市,重庆市,,,1924.11,1947.00,
500000,重庆市,市委书记,5,,肖秧,1988.08-1993.04,0000006306,,汉族,四川省阆中市玉台镇,四川省,阆中市,,1929.07,1947.10,
500000,重庆市,市委书记,5,,孙同川,1993.04-1995.10,0000005604,男,汉族,河南舞阳,河南省,漯河市,舞阳县,1940.07,1970.03,本科
500000,重庆市,市委书记,5,,张德邻,1995.10-1999.06,0000007250,男,汉族,北京市,北京市,,,1939.08,1964.06,本科
500000,重庆市,市委书记,5,,贺国强,1999.06-2002.10,0000001567,,汉族,,,,,1943.10,,本科
500000,重庆市,市委书记,5,,黄镇东,2002.10-2005.12,0000010636,男,汉族,江苏大丰,江苏省,盐城市,大丰区,1941.00,,大专
500000,重庆市,市委书记,5,,汪洋,2005.12-2007.12,0000005848,男,汉族,安徽宿州,安徽省,宿州市,,1955.03,1975.08,研究生
500000,重庆市,市委书记,5,,薄熙来,2007.11-2012.03,0000000095,男,汉族,山西定襄,山西省,忻州市,定襄县,1949.07,1980.10,研究生
500000,重庆市,市委书记,5,,张德江,2012.03-2012.11,0000007249,男,汉族,辽宁台安,辽宁省,鞍山市,台安县,1946.11,1971.01,本科
500000,重庆市,市委书记,5,,孙政才,2012.11-2017.,0000005639,男,汉族,山东荣成,山东省,威海市,荣成市,1963.09,1988.07,博士
500000,重庆市,市委书记,5,,陈敏尔,2017.-至今,0000000444,男,汉族,浙江诸暨,浙江省,绍兴市,诸暨市,1960.09,1982.09,研究生
510000,四川省,省长,2,,李井泉,1952.09-1955.01,0000002453,,,江西省临川,江西省,抚州市,临川区,1909.11,,
510000,四川省,省长,2,,李大章,1955.01-1967.01,0000002286,男,汉族,四川省泸州市合江县,四川省,泸州市,合江县,,,专科
510000,四川省,省长,2,,张国华,1968.12-1972.02,0000007312,男,汉族,江西省永新县怀忠镇,江西省,吉安市,永新县,1914.10,,
510000,四川省,省长,2,,刘兴元,1972.03-1975.10,0000003403,,,,,,,1908.10,,
510000,四川省,省长,2,,赵紫阳,1975.10-1979.12,0000005470,,汉族,河南省滑县,河南省,安阳市,滑县,1919.10,1938.02,
510000,四川省,省长,2,,鲁大东,1979.12-1982.12,0000003571,,,馆陶,河北省,邯郸市,馆陶县,1915.03,,本科
510000,四川省,省长,2,,杨析综,1983.04-1985.05,0000006839,,汉族,四川大邑,四川省,成都市,大邑县,1928.09,1952.00,
510000,四川省,省长,2,,蒋民宽,1985.05-1988.01,0000010860,,汉族,江苏吴县,江苏省,苏州市,,1930.05,,大专
510000,四川省,省长,2,,张皓若,1988.01-1993.02,0000016977,,汉族,河南省巩县,河南省,郑州市,巩义市,1932.00,,
510000,四川省,省长,2,,肖秧,1993.02-1996.02,0000006306,,汉族,四川省阆中市玉台镇,四川省,阆中市,,1929.07,1947.10,
510000,四川省,省长,2,,宋宝瑞,1996.02-1999.05,0000004447,,,,,,,1937.12,,研究生
510000,四川省,省长,2,,张中伟,2000.01-2007.01,0000017466,男,汉族,四川都江堰,四川省,成都市,都江堰市,1942.02,1960.09,大专
510000,四川省,省长,2,,蒋巨峰,2007.01-2013.01,0000002066,男,汉族,浙江诸暨,浙江省,绍兴市,诸暨市,1948.10,1982.07,本科
510000,四川省,省长,2,,魏宏,2013.01-2016.01,0000005101,男,汉族,山东沂南,山东省,临沂市,沂南县,1954.05,1973.06,研究生
510000,四川省,省长,2,,尹力,2016.01-至今,0000018942,男,汉族,山东临邑,山东省,德州市,临邑县,1962.08,1983.06,博士
510000,四川省,省委书记,1,,李井泉,1952.09-1965.02,0000002453,,,江西省临川,江西省,抚州市,临川区,1909.11,,
510000,四川省,省委书记,1,,廖志高,1965.02-1967.01,0000002966,男,汉族,四川省冕宁县,四川省,凉山彝族自治州,冕宁县,1913.05,1934.04,
510000,四川省,省委书记,1,,张国华,1969.12-1972.02,0000007312,男,汉族,江西省永新县怀忠镇,江西省,吉安市,永新县,1914.10,,
510000,四川省,省委书记,1,,刘兴元,1972.03-1975.10,0000003403,,,,,,,1908.10,,
510000,四川省,省委书记,1,第一书记,赵紫阳,1975.10-1980.03,0000005470,,,河南省滑县,河南省,安阳市,滑县,1919.10,1938.02,
510000,四川省,省委书记,1,,谭启龙,1980.03-1982.12,0000006032,,,,,,,,,
510000,四川省,省委书记,1,,杨汝岱,1982.12-1993.03,0000016285,男,汉族,四川仁寿县汪洋镇,四川省,眉山市,仁寿县,1926.12,1952.08,高中
510000,四川省,省委书记,1,,谢世杰,1993.03-2000.01,0000015737,男,汉族,四川省梁平（现重庆梁平）,重庆市,,梁平县,1934.09,1954.12,大专
510000,四川省,省委书记,1,,周永康,1999.-2002.12,0000005336,男,汉族,江苏无锡,江苏省,无锡市,,1942.12,1964.11,本科
510000,四川省,省委书记,1,,张学忠,2002.12-2006.12,0000018247,男,汉族,甘肃省兰州市,甘肃省,兰州市,,1943.02,1960.12,本科
510000,四川省,省委书记,1,,杜青林,2006.12-2007.12,0000000941,男,汉族,吉林磐石,吉林省,吉林市,磐石市,1946.11,1966.03,研究生
510000,四川省,省委书记,1,,刘奇葆,2007.12-2012.11,0000003295,男,汉族,安徽宿松,安徽省,安庆市,宿松县,1953.01,1971.12,研究生
510000,四川省,省委书记,1,,王东明,2012.11-2018.,0000014562,男,汉族,辽宁本溪,辽宁省,本溪市,,1956.07,1975.06,研究生
510000,四川省,省委书记,1,,彭清华,2018.03-至今,0000013358,男,汉族,湖北大冶,湖北省,黄石市,大冶市,1957.04,1976.06,博士
520000,贵州省,省长,2,,杨勇,1949.12-1954.12,0000018349,,,,,,,,,
520000,贵州省,省长,2,,周林,1955.02-1965.07,0000005285,男,,贵州省仁怀县（今仁怀市）,贵州省,遵义市,仁怀市,1912.05,,
520000,贵州省,省长,2,,李立,1965.07-1967.01,0000002498,,,,,,,,1927.00,
520000,贵州省,省长,2,,李再合,1967.02-1971.05,0000002795,,,,,,,,,
520000,贵州省,省长,2,,蓝亦农,1971.05-1973.09,0000002201,男,汉族,,,,,1919.00,,大专
520000,贵州省,省长,2,,鲁瑞林,1973.09-1977.02,0000003577,,,临夏,甘肃省,临夏回族自治州,,1911.00,1932.02,
520000,贵州省,省长,2,,马力,1977.02-1979.09,0000003791,,汉族,天津蓟县,天津市,,蓟县,1916.03,1938.05,
520000,贵州省,省长,2,,苏钢,1980.01-1983.01,0000013960,,,,,,,,,
520000,贵州省,省长,2,代,王朝文,1983.01-1983.04,0000006024,男,苗族,贵州省黔东南苗族侗族自治州黄平县,贵州省,黔东南苗族侗族自治州,黄平县,1930.10,1951.07,
520000,贵州省,省长,2,,王朝文,1983.04-1993.01,0000006024,男,苗族,贵州省黔东南苗族侗族自治州黄平县,贵州省,黔东南苗族侗族自治州,黄平县,1930.10,1951.07,
520000,贵州省,省长,2,,陈士能,1993.01-1996.07,0000008686,男,汉族,浙江嘉兴,浙江省,嘉兴市,,1938.07,,本科
520000,贵州省,省长,2,代,吴亦侠,1996.07-1997.01,0000006161,,汉族,山东省莱阳市,山东省,烟台市,莱阳市,1943.03,,本科
520000,贵州省,省长,2,,吴亦侠,1997.01-1998.10,0000006161,,汉族,山东省莱阳市,山东省,烟台市,莱阳市,1943.03,,本科
520000,贵州省,省长,2,代,钱运录,1998.12-1999.01,0000004157,男,汉族,湖北大悟,湖北省,孝感市,大悟县,1944.10,1965.06,本科
520000,贵州省,省长,2,,钱运录,1999.01-2001.01,0000004157,男,汉族,湖北大悟,湖北省,孝感市,大悟县,1944.10,1965.06,本科
520000,贵州省,省长,2,代,石秀诗,2001.01-2001.01,0000004404,,汉族,河南商丘,河南省,商丘市,,1942.07,1978.11,
520000,贵州省,省长,2,,石秀诗,2001.01-2006.06,0000004404,,汉族,河南商丘,河南省,商丘市,,1942.07,1978.11,
520000,贵州省,省长,2,代,林树森,2006.07-2007.01,0000003035,男,汉族,广东汕头,广东省,汕头市,,1946.12,1981.12,本科
520000,贵州省,省长,2,,林树森,2007.01-2010.08,0000003035,男,汉族,广东汕头,广东省,汕头市,,1946.12,1981.12,本科
520000,贵州省,省长,2,代,赵克志,2010.08-2010.09,0000007910,男,汉族,山东莱西,山东省,青岛市,莱西市,1953.12,1975.01,研究生
520000,贵州省,省长,2,,赵克志,2010.09-2012.12,0000007910,男,汉族,山东莱西,山东省,青岛市,莱西市,1953.12,1975.01,研究生
520000,贵州省,省长,2,代,陈敏尔,2012.12-2013.01,0000000444,男,汉族,浙江诸暨,浙江省,绍兴市,诸暨市,1960.09,1982.09,研究生
520000,贵州省,省长,2,,陈敏尔,2013.01-2015.10,0000000444,男,汉族,浙江诸暨,浙江省,绍兴市,诸暨市,1960.09,1982.09,研究生
520000,贵州省,省长,2,代,孙志刚,2015.10-2016.01,0000005640,男,汉族,河南荥阳,河南省,郑州市,荥阳市,1954.05,1976.09,博士
520000,贵州省,省长,2,代,谌贻琴,2017.09-2018.01,0000018943,女,白族,贵州织金,贵州省,毕节市,织金县,1959.12,1985.05,研究生
520000,贵州省,省长,2,,谌贻琴,2018.01-至今,0000018943,女,白族,贵州织金,贵州省,毕节市,织金县,1959.12,1985.05,研究生
520000,贵州省,省委书记,1,,苏振华,1949.12-1954.05,0000005520,,,湖南平江,湖南省,岳阳市,平江县,1912.06,,
520000,贵州省,省委书记,1,,周林,1954.11-1964.10,0000005285,男,,贵州省仁怀县（今仁怀市）,贵州省,遵义市,仁怀市,1912.05,,
520000,贵州省,省委书记,1,,李大章,1964.11-1965.04,0000002286,男,汉族,四川省泸州市合江县,四川省,泸州市,合江县,,,专科
520000,贵州省,省委书记,1,,贾启允,1965.05-1967.12,0000001960,,汉族,,,,,1914.00,,
520000,贵州省,省委书记,1,,李再合,1967.12-1969.10,0000002795,,,,,,,,,
520000,贵州省,省委书记,1,代,蓝亦农,1969.10-1971.05,0000002201,男,汉族,,,,,1919.00,,大专
520000,贵州省,省委书记,1,,蓝亦农,1971.05-1973.09,0000002201,男,汉族,,,,,1919.00,,大专
520000,贵州省,省委书记,1,,鲁瑞林,1973.09-1977.02,0000003577,,,临夏,甘肃省,临夏回族自治州,,1911.00,1932.02,
520000,贵州省,省委书记,1,,马力,1977.02-1979.09,0000003791,,汉族,天津蓟县,天津市,,蓟县,1916.03,1938.05,
520000,贵州省,省委书记,1,代,池必卿,1979.09-1980.06,0000000690,,,山西省平定县上庄村,山西省,阳泉市,平定县,1917.12,1937.07,高中
520000,贵州省,省委书记,1,,池必卿,1980.06-1985.03,0000000690,,,山西省平定县上庄村,山西省,阳泉市,平定县,1917.12,1937.07,高中
520000,贵州省,省委书记,1,,朱厚泽,1985.03-1985.07,0000018076,男,汉族,贵州省织金县,贵州省,毕节市,织金县,1931.01,,
520000,贵州省,省委书记,1,,胡锦涛,1985.07-1988.12,0000001650,男,汉族,安徽绩溪,安徽省,宣城市,绩溪县,1942.12,1964.04,本科
520000,贵州省,省委书记,1,,刘正威,1988.12-1993.07,0000003480,男,汉族,河南省新郑县,河南省,郑州市,新郑市,1930.02,,
520000,贵州省,省委书记,1,,刘方仁,1993.07-2001.01,0000003127,男,,陕西省武功,陕西省,咸阳市,武功县,1936.01,,专科
520000,贵州省,省委书记,1,,钱运录,2001.01-2005.12,0000004157,男,汉族,湖北大悟,湖北省,孝感市,大悟县,1944.10,1965.06,本科
520000,贵州省,省委书记,1,,石宗源,2005.12-2010.08,0000004408,男,回族,河北保定,河北省,保定市,,1946.07,1979.05,本科
520000,贵州省,省委书记,1,,栗战书,2010.08-2012.07,0000002868,男,汉族,河北平山,河北省,石家庄市,平山县,1950.08,1975.04,研究生
520000,贵州省,省委书记,1,,赵克志,2012.07-2015.07,0000007910,男,汉族,山东莱西,山东省,青岛市,莱西市,1953.12,1975.01,研究生
520000,贵州省,省委书记,1,,陈敏尔,2015.07-2017.07,0000000444,男,汉族,浙江诸暨,浙江省,绍兴市,诸暨市,1960.09,1982.09,研究生
520000,贵州省,省委书记,1,,孙志刚,2017.07-至今,0000005640,男,汉族,河南荥阳,河南省,郑州市,荥阳市,1954.05,1976.09,博士
530000,云南省,省长,2,,陈赓,1950.03-1955.02,0000008524,,汉族,,,,,1903.02,,
530000,云南省,省长,2,,郭影秋,1955.02-1958.11,0000009959,,,江苏铜山,江苏省,徐州市,铜山区,1909.00,1935.00,
530000,云南省,省长,2,,丁一川,1958.11-1964.08,0000009202,,,,,,,,,
530000,云南省,省长,2,代,刘明辉,1964.08-1965.02,0000003278,,,江西省石城县,江西省,赣州市,石城县,1914.00,,
530000,云南省,省长,2,,周兴,1965.02-1967.02,0000005323,,,江西永丰,江西省,吉安市,永丰县,1905.00,,
530000,云南省,省长,2,,谭甫仁,1968.08-1970.10,0000005662,,,,,,,1910.04,,
530000,云南省,省长,2,,周兴,1970.10-1975.10,0000005323,,,江西永丰,江西省,吉安市,永丰县,1905.00,,
530000,云南省,省长,2,,贾启允,1975.10-1977.02,0000001960,,汉族,,,,,1914.00,,
530000,云南省,省长,2,,安平生,1977.02-1979.12,0000000031,,,陕西省西安市周至县,陕西省,西安市,周至县,1917.00,1937.05,
530000,云南省,省长,2,,刘明辉,1979.12-1983.04,0000003278,,,江西省石城县,江西省,赣州市,石城县,1914.00,,
530000,云南省,省长,2,,普朝柱,1983.04-1985.08,0000004124,,,云南黎县,,,,1929.00,,
530000,云南省,省长,2,,和志强,1985.08-1998.01,0000010215,男,纳西族,束河镇开文荣华村,云南省,丽江市,古城区,1934.10,,
530000,云南省,省长,2,,李嘉廷,1998.01-2001.06,0000002403,男,彝族,云南石屏,云南省,红河哈尼族彝族自治州,石屏县,1944.04,,本科
530000,云南省,省长,2,代,徐荣凯,2001.06-2002.01,0000015889,,,重庆,重庆市,,,1942.02,1960.00,博士
530000,云南省,省长,2,,徐荣凯,2002.01-2006.11,0000015889,,,重庆,重庆市,,,1942.02,1960.00,博士
530000,云南省,省长,2,,秦光荣,2006.11-2011.08,0000004180,男,汉族,湖南永州,湖南省,岳阳市,平江县,1950.12,1972.01,研究生
530000,云南省,省长,2,代,李纪恒,2011.08-2012.02,0000002395,男,汉族,广西贵港,广西壮族自治区,贵港市,,1957.01,1976.10,博士
530000,云南省,省长,2,,李纪恒,2012.02-2014.10,0000002395,男,汉族,广西贵港,广西壮族自治区,贵港市,,1957.01,1976.10,博士
530000,云南省,省长,2,代,陈豪,2014.10-2015.01,0000000348,男,汉族,江苏海门,江苏省,南通市,海门市,1954.02,1976.06,研究生
530000,云南省,省长,2,,陈豪,2015.01-2016.12,0000000348,男,汉族,江苏海门,江苏省,南通市,海门市,1954.02,1976.06,研究生
530000,云南省,省长,2,代,阮成发,2016.12-2017.01,0000004287,男,汉族,湖北武汉,湖北省,武汉市,,1957.10,1982.06,博士
530000,云南省,省长,2,,阮成发,2017.01-至今,0000004287,男,汉族,湖北武汉,湖北省,武汉市,,1957.10,1982.06,博士
530000,云南省,省委书记,1,,宋任穷,1950.02-1952.07,0000013917,男,,湖南省浏阳县,湖南省,长沙市,浏阳县,1909.07,1926.12,
530000,云南省,省委书记,1,,谢富治,1952.07-1959.08,0000006328,,汉族,湖北省黄安（今红安）县城关镇丰岗谢家村,湖北省,黄冈市,红安县,1909.00,,
530000,云南省,省委书记,1,,阎红彦,1959.08-1967.01,0000006623,男,汉族,陕西省安定（今子长）县瓦窑堡,陕西省,延安市,子长县,1909.10,,
530000,云南省,省委书记,1,,谭甫仁,1968.08-1971.06,0000005662,,,,,,,,,
530000,云南省,省委书记,1,,周兴,1971.06-1975.10,0000005323,,,江西永丰,江西省,吉安市,永丰县,1905.00,,
530000,云南省,省委书记,1,,贾启允,1975.10-1977.02,0000001960,,汉族,,,,,1914.00,,
530000,云南省,省委书记,1,,安平生,1977.02-1985.07,0000000031,,,陕西省西安市周至县,陕西省,西安市,周至县,1917.00,1937.05,
530000,云南省,省委书记,1,,普朝柱,1985.07-1995.08,0000004124,,,云南黎县,,,,1929.00,,
530000,云南省,省委书记,1,,高严,1995.06-1997.08,0000001220,男,汉族,吉林榆树,吉林省,长春市,榆树市,1942.12,,研究生
530000,云南省,省委书记,1,,令狐安,1997.08-2001.10,0000012057,男,汉族,山西平陆,山西省,运城市,平陆县,1946.10,1965.12,
530000,云南省,省委书记,1,,白恩培,2001.10-2011.08,0000000052,男,汉族,陕西清涧,陕西省,榆林市,清涧县,1946.09,1973.06,本科
530000,云南省,省委书记,1,,秦光荣,2011.08-2014.10,0000004180,男,汉族,湖南永州,湖南省,岳阳市,平江县,1950.12,1972.01,研究生
530000,云南省,省委书记,1,,李纪恒,2014.10-2016.08,0000002395,男,汉族,广西贵港,广西壮族自治区,贵港市,,1957.01,1976.10,博士
530000,云南省,省委书记,1,,陈豪,2016.08-至今,0000000348,男,汉族,江苏海门,江苏省,南通市,海门市,1954.02,1976.06,研究生
540000,西藏自治区,自治区党委书记,3,,张国华,1950.01-1951.06,0000007312,男,汉族,江西省永新县怀忠镇,江西省,吉安市,永新县,1914.10,,
540000,西藏自治区,自治区党委书记,3,,范明,1951.06-1951.12,0000001011,,,,,,,,,
540000,西藏自治区,自治区党委书记,3,,张经武,1952.03-1965.08,0000017059,,,,,,,1906.00,,
540000,西藏自治区,自治区党委书记,3,,张国华,1965.09-1967.02,0000007312,男,汉族,江西省永新县怀忠镇,江西省,吉安市,永新县,1914.10,,
540000,西藏自治区,自治区党委书记,3,,任荣,1971.08-1980.03,0000004266,,汉族,,,,,1917.09,,
540000,西藏自治区,自治区党委书记,3,,阴法唐,1980.03-1985.06,0000016531,男,汉族,,,,,1922.00,,
540000,西藏自治区,自治区党委书记,3,,伍精华,1985.06-1988.12,0000015511,男,彝族,,,,,1931.02,,
540000,西藏自治区,自治区党委书记,3,,胡锦涛,1988.12-1992.11,0000001650,男,汉族,安徽绩溪,安徽省,宣城市,绩溪县,1942.12,1964.04,本科
540000,西藏自治区,自治区党委书记,3,,陈奎元,1992.11-2000.09,0000000426,男,汉族,,,,,,,本科
540000,西藏自治区,自治区党委书记,3,,郭金龙,2000.09-2004.12,0000001353,男,汉族,江苏南京,江苏省,南京市,,1947.07,1979.04,本科
540000,西藏自治区,自治区党委书记,3,,杨传堂,2004.12-2006.05,0000006674,男,汉族,山东禹城,山东省,德州市,禹城市,1954.05,1976.06,研究生
540000,西藏自治区,自治区党委书记,3,代,张庆黎,2005.11-2006.05,0000007548,男,汉族,山东东平,山东省,泰安市,东平县,1951.01,1973.02,研究生
540000,西藏自治区,自治区党委书记,3,,张庆黎,2006.05-2011.08,0000007548,男,汉族,山东东平,山东省,泰安市,东平县,1951.01,1973.02,研究生
540000,西藏自治区,自治区党委书记,3,,陈全国,2011.08-2016.08,0000000480,男,汉族,河南平舆,河南省,驻马店市,平舆县,1955.11,1976.02,博士
540000,西藏自治区,自治区党委书记,3,,吴英杰,2016.08-至今,0000018944,男,汉族,山东昌邑,山东省,潍坊市,昌邑市,1956.12,1987.05,研究生
540000,西藏自治区,自治区主席,4,,达赖・丹增嘉措,1956.04-1959.03,0000009025,,,,,,,,,
540000,西藏自治区,自治区主席,4,,班禅・却吉坚赞,1959.03-1964.12,0000008169,,,,,,,,,
540000,西藏自治区,自治区主席,4,,阿沛・阿旺晋美,1964.12-文革初期,0000000017,女,藏族,,,,,1910.02,,
540000,西藏自治区,自治区主席,4,,曾雍雅,1968.09-1970.11,0000008407,男,汉族,,,,,1917.07,,
540000,西藏自治区,自治区主席,4,,任荣,1970.11-1979.08,0000004266,,汉族,,,,,1917.09,,
540000,西藏自治区,自治区主席,4,,天宝,1979.08-1981.04,0000014342,男,藏族,四川省阿坝藏族羌族自治州马尔康县,四川省,阿坝藏族羌族自治州,马尔康县,1917.02,,
540000,西藏自治区,自治区主席,4,,阿沛・阿旺晋美,1981.04-1983.05,0000000017,女,藏族,,,,,1910.02,,
540000,西藏自治区,自治区主席,4,,多杰才旦,1983.01-1985.12,0000000982,,藏族,,,,,,,
540000,西藏自治区,自治区主席,4,代,多吉才让,1985.12-1986.05,0000000979,,藏族,,,,,1939.11,,藏文高中
540000,西藏自治区,自治区主席,4,,多吉才让,1986.05-1990.05,0000000979,,藏族,,,,,1939.11,,藏文高中
540000,西藏自治区,自治区主席,4,,江村罗布,1990.05-1998.05,0000010770,男,藏族,,,,,1932.08,,大专
540000,西藏自治区,自治区主席,4,,列确,1998.05-2003.05,0000002967,男,藏族,西藏江孜,西藏自治区,日喀则市,江孜县,1944.10,1972.04,专科
540000,西藏自治区,自治区主席,4,,向巴平措,2003.05-2010.01,0000006259,男,藏族,西藏昌都,西藏自治区,昌都市,,1947.05,1974.05,大专
540000,西藏自治区,自治区主席,4,,白玛赤林,2010.01-2013.01,0000000063,男,藏族,西藏丁青,西藏自治区,昌都市,丁青县,1951.10,1970.10,研究生
540000,西藏自治区,自治区主席,4,副主席,洛桑江村,2012.12-2013.01,0000003704,男,,西藏察雅,西藏自治区,昌都市,察雅县,1957.07,1978.12,研究生
540000,西藏自治区,自治区主席,4,,洛桑江村,2013.01-2017.01,0000003704,男,,西藏察雅,西藏自治区,昌都市,察雅县,1957.07,1978.12,研究生
540000,西藏自治区,自治区主席,4,,齐扎拉,2017.01-至今,0000004137,男,藏族,云南香格里拉,云南省,迪庆藏族自治州,香格里拉市,1958.08,1982.05,研究生
610000,陕西省,省长,2,,马明方,1950.01-1952.11,0000003799,,汉族,陕西米脂,陕西省,榆林市,米脂县,1905.12,,
610000,陕西省,省长,2,,赵寿山,1952.11-1959.07,0000007963,,汉族,陕西户县,陕西省,西安市,户县,1894.11,,
610000,陕西省,省长,2,,赵伯平,1959.07-1963.03,0000007846,,,陕西省蓝田县,陕西省,西安市,蓝田县,1902.00,,
610000,陕西省,省长,2,,李启明,1963.03-文革初期,0000011465,男,汉族,山西神池,山西省,忻州市,神池县,1915.09,,
610000,陕西省,省长,2,,李瑞山,1968.01-1978.12,0000002592,,汉族,陕西延长,陕西省,延安市,延长县,1920.11,1936.05,
610000,陕西省,省长,2,,王任重,1978.12-1978.12,0000004724,男,,河北省衡水市景县,河北省,衡水市,景县,1917.00,1933.00,
610000,陕西省,省长,2,革委会主任,于明涛,1979.02-1979.12,0000018350,男,,河北深州,河北省,衡水市,深州市,1917.11,1936.09,
610000,陕西省,省长,2,,于明涛,1979.12-1983.02,0000018350,男,,河北深州,河北省,衡水市,深州市,1917.11,1936.09,
610000,陕西省,省长,2,,李庆伟,1983.02-1986.12,0000002571,,,直隶邢台,河北省,邢台市,,,1937.00,
610000,陕西省,省长,2,,张勃兴,1986.12-1987.08,0000007206,男,汉族,河北霸州,河北省,廊坊市,霸州市,1930.08,1950.11,
610000,陕西省,省长,2,,侯宗宾,1987.08-1990.03,0000001613,,汉族,河北南和,河北省,邢台市,南和县,1929.01,1946.00,
610000,陕西省,省长,2,,白清才,1990.03-1994.11,0000008137,男,汉族,,,,,1932.11,,
610000,陕西省,省长,2,代,程安东,1994.11-1995.01,0000000642,男,汉族,安徽省淮南市,安徽省,淮南市,,1936.10,1980.06,本科
610000,陕西省,省长,2,,程安东,1995.01-2002.05,0000000642,男,汉族,安徽省淮南市,安徽省,淮南市,,1936.10,1980.06,本科
610000,陕西省,省长,2,代,贾治邦,2002.05-2003.01,0000001977,男,汉族,陕西吴起,陕西省,延安市,吴起县,1946.11,1962.04,本科
610000,陕西省,省长,2,,贾治邦,2003.01-2004.10,0000001977,男,汉族,陕西吴起,陕西省,延安市,吴起县,1946.11,1962.04,本科
610000,陕西省,省长,2,代,陈德铭,2004.10-2005.02,0000000291,男,汉族,上海市,上海市,,,1949.03,1974.09,研究生
610000,陕西省,省长,2,,陈德铭,2005.02-2006.05,0000000291,男,汉族,上海市,上海市,,,1949.03,1974.09,研究生
610000,陕西省,省长,2,,袁纯清,2006.05-2010.06,0000007107,男,汉族,湖南省汉寿县,湖南省,常德市,汉寿县,1952.03,1971.10,博士
610000,陕西省,省长,2,代,赵正永,2010.06-2011.01,0000008023,男,汉族,安徽马鞍山,安徽省,马鞍山市,,1951.03,1973.11,
610000,陕西省,省长,2,,赵正永,2011.01-2012.12,0000008023,男,汉族,安徽马鞍山,安徽省,马鞍山市,,1951.03,1973.11,
610000,陕西省,省长,2,代,娄勤俭,2012.12-2013.01,0000003541,男,汉族,贵州桐梓,贵州省,遵义市,桐梓县,1956.12,1975.08,博士
610000,陕西省,省长,2,,娄勤俭,2013.01-2016.04,0000003541,男,汉族,贵州桐梓,贵州省,遵义市,桐梓县,1956.12,1975.08,博士
610000,陕西省,省长,2,,胡和平,2016.04-2017.10,0000018945,男,汉族,山东临沂,山东省,临沂市,,1962.10,1982.06,博士
610000,陕西省,省委书记,1,,马明方,1950.01-1952.10,0000003799,,汉族,陕西米脂,陕西省,榆林市,米脂县,1905.12,,
610000,陕西省,省委书记,1,,潘自力,1952.10-1954.10,0000004066,,,陕西华县,陕西省,渭南市,华州区,1904.00,,
610000,陕西省,省委书记,1,,张德生,1954.10-1965.03,0000007251,,,,,,,1909.10,,
610000,陕西省,省委书记,1,,胡耀邦,1965.03-1965.10,0000010385,,,,,,,,,
610000,陕西省,省委书记,1,,霍士廉,1965.10-文革初期,0000001922,,,山西省忻县,山西省,忻州市,,1909.04,,
610000,陕西省,省委书记,1,,李瑞山,1971.03-1978.12,0000002592,,汉族,陕西延长,陕西省,延安市,延长县,1920.11,1936.05,
610000,陕西省,省委书记,1,,王任重,1978.12-1978.12,0000004724,男,,河北省衡水市景县,河北省,衡水市,景县,1917.00,1933.00,
610000,陕西省,省委书记,1,,马文瑞,1978.12-1984.08,0000012961,,汉族,,,,,1912.11,,
610000,陕西省,省委书记,1,,白纪年,1984.08-1987.08,0000008125,,,,,,,,1942.04,
610000,陕西省,省委书记,1,,张勃兴,1987.08-1994.11,0000007206,男,汉族,河北霸州,河北省,廊坊市,霸州市,1930.08,1950.11,
610000,陕西省,省委书记,1,,安启元,1994.11-1997.08,0000000034,,,,,,,,,本科
610000,陕西省,省委书记,1,,李建国,1997.08-2007.03,0000002408,男,汉族,山东鄄城,山东省,菏泽市,鄄城县,1946.04,1971.06,本科
610000,陕西省,省委书记,1,,赵乐际,2007.03-2012.12,0000007914,男,汉族,陕西西安,陕西省,西安市,,1957.03,1975.07,研究生
610000,陕西省,省委书记,1,,赵正永,2012.12-2016.03,0000008023,男,汉族,安徽马鞍山,安徽省,马鞍山市,,1951.03,1973.11,
610000,陕西省,省委书记,1,,娄勤俭,2016.03-2017.10,0000003541,男,汉族,贵州桐梓,贵州省,遵义市,桐梓县,1956.12,1975.08,博士
610000,陕西省,省委书记,1,,胡和平,2017.10-至今,0000018945,男,汉族,山东临沂,山东省,临沂市,,1962.10,1982.06,博士
620000,甘肃省,省长,2,,王世泰,1949.07-1950.01,0000014865,,,,,,,1910.03,,
620000,甘肃省,省长,2,,邓宝姗,1950.01-1967.05,0000009089,,,,,,,,,
620000,甘肃省,省长,2,,冼恒汉,1967.05-1977.06,0000006257,男,壮族,广西壮族自治区田阳县,广西壮族自治区,百色市,田阳县,1911.09,,
620000,甘肃省,省长,2,,宋平,1977.06-1979.12,0000004480,男,汉族,山东省莒县,山东省,日照市,莒县,1917.04,1937.12,大专
620000,甘肃省,省长,2,,冯纪新,1979.12-1981.01,0000001083,男,,安徽金寨双河镇,安徽省,六安市,金寨县,1915.03,,
620000,甘肃省,省长,2,,李登瀛,1981.01-1983.04,0000002298,男,汉族,陕西神木,陕西省,榆林市,神木县,1914.00,1934.03,
620000,甘肃省,省长,2,,陈光毅,1983.05-1986.03,0000000329,男,汉族,福建莆田,福建省,莆田市,,1933.08,,大专
620000,甘肃省,省长,2,,贾志杰,1986.03-1992.12,0000001976,男,汉族,吉林扶余,吉林省,松原市,扶余市,1935.12,1960.05,本科
620000,甘肃省,省长,2,,阎海旺,1993.01-1993.09,0000006621,男,汉族,河南郑州,河南省,郑州市,,1939.09,1966.03,本科
620000,甘肃省,省长,2,代,张吾乐,1993.09-1994.04,0000007667,男,汉族,河北安新,河北省,保定市,安新县,1937.04,1982.01,本科
620000,甘肃省,省长,2,,张吾乐,1994.04-1996.06,0000007667,男,汉族,河北安新,河北省,保定市,安新县,1937.04,1982.01,本科
620000,甘肃省,省长,2,代,孙英,1996.07-1997.01,0000005621,男,汉族,天津市宝坻,天津市,,宝坻区,1936.11,1956.12,本科
620000,甘肃省,省长,2,,孙英,1997.01-1998.03,0000005621,男,汉族,天津市宝坻,天津市,,宝坻区,1936.11,1956.12,本科
620000,甘肃省,省长,2,代,宋照肃,1998.04-1999.01,0000004516,男,汉族,河南南阳,河南省,南阳市,,1941.03,1965.05,本科
620000,甘肃省,省长,2,,宋照肃,1999.01-2001.01,0000004516,男,汉族,河南南阳,河南省,南阳市,,1941.03,1965.05,本科
620000,甘肃省,省长,2,代,陆浩,2000.12-2001.01,0000003592,男,汉族,河北昌黎,河北省,秦皇岛市,昌黎县,1947.04,1981.04,研究生
620000,甘肃省,省长,2,,陆浩,2001.01-2006.10,0000003592,男,汉族,河北昌黎,河北省,秦皇岛市,昌黎县,1947.04,1981.04,研究生
620000,甘肃省,省长,2,代,徐守盛,2006.10-2007.01,0000006474,男,汉族,江苏如东,江苏省,南通市,如东县,1953.01,1973.10,研究生
620000,甘肃省,省长,2,,徐守盛,2007.01-2010.05,0000006474,男,汉族,江苏如东,江苏省,南通市,如东县,1953.01,1973.10,研究生
620000,甘肃省,省长,2,代,刘伟平,2010.07-2011.01,0000003364,男,汉族,黑龙江富锦,黑龙江省,佳木斯市,富锦市,1953.05,1974.01,研究生
620000,甘肃省,省长,2,,刘伟平,2011.01-2016.03,0000003364,男,汉族,黑龙江富锦,黑龙江省,佳木斯市,富锦市,1953.05,1974.01,研究生
620000,甘肃省,省长,2,代,林铎,2016.04-2016.05,0000002976,男,汉族,山东菏泽,山东省,菏泽市,,1956.03,1975.10,研究生
620000,甘肃省,省长,2,,林铎,2016.05-2017.05,0000002976,男,汉族,山东菏泽,山东省,菏泽市,,1956.03,1975.10,研究生
620000,甘肃省,省长,2,代,唐仁健,2017.04-2017.05,0000018946,男,汉族,重庆,重庆市,,,1962.08,1991.03,博士
620000,甘肃省,省长,2,,唐仁健,2017.05-至今,0000018946,男,汉族,重庆,重庆市,,,1962.08,1991.03,博士
620000,甘肃省,省委书记,1,,张德生,1949.07-1954.05,0000007251,,,,,,,1909.10,,
620000,甘肃省,省委书记,1,,张仲良,1954.05-1961.01,0000007820,,,陕西耀县,陕西省,铜川市,耀州区,1907.00,,
620000,甘肃省,省委书记,1,,汪锋,1961.01-1967.02,0000005832,,汉族,,,,,1910.12,,高中
620000,甘肃省,省委书记,1,,胡继宗,1966.11-1967.02,0000010324,男,汉族,肃宁县,河北省,沧州市,肃宁县,1920.00,,
620000,甘肃省,省委书记,1,,冼恒汉,1971.02-1977.06,0000006257,男,壮族,广西壮族自治区田阳县,广西壮族自治区,百色市,田阳县,1911.09,,
620000,甘肃省,省委书记,1,,宋平,1977.06-1981.01,0000004480,男,汉族,山东省莒县,山东省,日照市,莒县,1917.04,1937.12,大专
620000,甘肃省,省委书记,1,代,冯纪新,1981.01-1982.03,0000001083,男,,安徽金寨双河镇,安徽省,六安市,金寨县,1915.03,,
620000,甘肃省,省委书记,1,,冯纪新,1982.03-1983.03,0000001083,男,,安徽金寨双河镇,安徽省,六安市,金寨县,1915.03,,
620000,甘肃省,省委书记,1,,李子奇,1983.03-1990.11,0000011774,,汉族,陕西省神木县沙峁镇石角塔村,陕西省,榆林市,神木县,1923.09,,
620000,甘肃省,省委书记,1,,顾金池,1990.11-1993.09,0000001297,,汉族,河北雄县,河北省,保定市,雄县,1932.02,1949.10,
620000,甘肃省,省委书记,1,,阎海旺,1993.09-1998.03,0000006621,男,汉族,河南郑州,河南省,郑州市,,1939.09,1966.03,本科
620000,甘肃省,省委书记,1,,孙英,1998.03-2000.12,0000005621,男,汉族,天津市宝坻,天津市,,宝坻区,1936.11,1956.12,本科
620000,甘肃省,省委书记,1,,宋照肃,2001.01-2003.08,0000004516,男,汉族,河南南阳,河南省,南阳市,,1941.03,1965.05,本科
620000,甘肃省,省委书记,1,,苏荣,2003.08-2006.07,0000005506,男,汉族,吉林洮南,吉林省,白城市,洮南市,1948.10,1970.01,研究生
620000,甘肃省,省委书记,1,,陆浩,2006.06-2011.12,0000003592,男,汉族,河北昌黎,河北省,秦皇岛市,昌黎县,1947.04,1981.04,研究生
620000,甘肃省,省委书记,1,,王三运,2011.12-2017.04,0000004744,男,汉族,山东单县,山东省,菏泽市,单县,1952.12,1979.07,研究生
620000,甘肃省,省委书记,1,,林铎,2017.04-至今,0000002976,男,汉族,山东菏泽,山东省,菏泽市,,1956.03,1975.10,研究生
630000,青海省,省长,2,,赵寿山,1950.01-1952.10,0000007963,,汉族,陕西户县,陕西省,西安市,户县,1894.11,,
630000,青海省,省长,2,,张仲良,1952.11-1954.06,0000007820,,,陕西耀县,陕西省,铜川市,耀州区,1907.00,,
630000,青海省,省长,2,,孙作宾,1954.06-1958.03,0000014179,,,陕西西安,陕西省,西安市,,1908.00,1929.06,
630000,青海省,省长,2,,孙君一,1958.03-1958.06,0000014067,,汉族,陕西延长,陕西省,延安市,延长县,,,
630000,青海省,省长,2,,袁任远,1958.06-1962.06,0000007127,,,湖南省慈利县,湖南省,张家界市,慈利县,1898.05,,
630000,青海省,省长,2,,王昭,1961.-文革,0000004981,,,河北平山县天井村,河北省,石家庄市,平山县,1917.00,1932.00,
630000,青海省,省长,2,,刘贤权,1967.08-1977.02,0000003381,男,汉族,江西吉安,江西省,吉安市,,1914.12,,专科
630000,青海省,省长,2,,谭启龙,1977.02-1979.04,0000006032,,,,,,,,,
630000,青海省,省长,2,,张国声,1979.04-1982.12,0000016964,,,山西翼城县中卫乡武子官庄村,山西省,临汾市,翼城县,1912.00,1933.00,
630000,青海省,省长,2,代,黄静波,1982.09-1983.04,0000001774,,汉族,陕西绥德,陕西省,榆林市,绥德县,1919.07,,
630000,青海省,省长,2,,黄静波,1983.04-1985.08,0000001774,,汉族,陕西绥德,陕西省,榆林市,绥德县,1919.07,,
630000,青海省,省长,2,,宋瑞祥,1985.07-1989.09,0000013920,男,,江苏省金坛市,江苏省,常州市,金坛市,1939.10,,
630000,青海省,省长,2,代,金基鹏,1989.11-1990.04,0000002109,男,回族,江苏省南京市,江苏省,南京市,,1934.01,,专科
630000,青海省,省长,2,,金基鹏,1990.04-1992.12,0000002109,男,回族,江苏省南京市,江苏省,南京市,,1934.01,,专科
630000,青海省,省长,2,代,田成平,1992.11-1993.01,0000005768,男,汉族,河北大名,河北省,邯郸市,大名县,1945.01,,本科
630000,青海省,省长,2,,田成平,1993.01-1997.02,0000005768,男,汉族,河北大名,河北省,邯郸市,大名县,1945.01,,本科
630000,青海省,省长,2,代,白恩培,1997.04-1998.01,0000000052,男,汉族,陕西清涧,陕西省,榆林市,清涧县,1946.09,1973.06,本科
630000,青海省,省长,2,,白恩培,1998.01-1999.06,0000000052,男,汉族,陕西清涧,陕西省,榆林市,清涧县,1946.09,1973.06,本科
630000,青海省,省长,2,代,赵乐际,1999.08-2000.01,0000007914,男,汉族,陕西西安,陕西省,西安市,,1957.03,1975.07,研究生
630000,青海省,省长,2,,赵乐际,2000.01-2003.10,0000007914,男,汉族,陕西西安,陕西省,西安市,,1957.03,1975.07,研究生
630000,青海省,省长,2,代,杨传堂,2003.10-2004.01,0000006674,男,汉族,山东禹城,山东省,德州市,禹城市,1954.05,1976.06,研究生
630000,青海省,省长,2,,杨传堂,2004.01-2004.12,0000006674,男,汉族,山东禹城,山东省,德州市,禹城市,1954.05,1976.06,研究生
630000,青海省,省长,2,代,宋秀岩,2004.12-2005.01,0000004503,女,,天津市,天津市,,,1955.10,1978.11,研究生
630000,青海省,省长,2,,宋秀岩,2005.01-2010.01,0000004503,女,,天津市,天津市,,,1955.10,1978.11,研究生
630000,青海省,省长,2,,骆惠宁,2010.01-2013.03,0000003706,男,汉族,浙江义乌,浙江省,金华市,义乌市,1954.10,1982.03,博士
630000,青海省,省长,2,代,郝鹏,2013.03-2013.04,0000001480,男,汉族,陕西凤翔,陕西省,宝鸡市,凤翔县,1960.07,1982.03,研究生
630000,青海省,省长,2,,郝鹏,2013.04-2016.12,0000001480,男,汉族,陕西凤翔,陕西省,宝鸡市,凤翔县,1960.07,1982.03,研究生
630000,青海省,省长,2,,王建军,2017.01-至今,0000004538,男,汉族,湖北十堰,湖北省,十堰市,,1958.06,1984.03,研究生
630000,青海省,省委书记,1,,张仲良,1949.09-1954.05,0000007820,,,陕西耀县,陕西省,铜川市,耀州区,1907.00,,
630000,青海省,省委书记,1,,高峰,1954.06-1961.08,0000001173,,汉族,陕西省清涧县曹家q,陕西省,榆林市,清涧县,1914.08,,
630000,青海省,省委书记,1,,王昭,1961.08-1962.11,0000004981,,,河北平山县天井村,河北省,石家庄市,平山县,1917.00,1932.00,
630000,青海省,省委书记,1,,杨植霖,1962.01-文革,0000016412,,,内蒙古土默特左旗,内蒙古自治区,呼和浩特市,土默特左旗,1911.00,1930.00,
630000,青海省,省委书记,1,,刘贤权,1971.03-1977.02,0000003381,男,汉族,江西吉安,江西省,吉安市,,1914.12,,专科
630000,青海省,省委书记,1,,谭启龙,1977.02-1979.12,0000006032,,,,,,,,,
630000,青海省,省委书记,1,,梁步庭,1979.12-1982.12,0000002883,男,汉族,山东省微山县,山东省,济宁市,微山县,1921.11,1939.00,
630000,青海省,省委书记,1,,赵海峰,1982.12-1985.07,0000007875,男,,河北饶阳,河北省,衡水市,饶阳县,1921.03,,
630000,青海省,省委书记,1,,尹克升,1985.07-1997.03,0000016558,男,汉族,河北通县（今属北京市）,北京市,,通州区,1932.03,,本科
630000,青海省,省委书记,1,,田成平,1997.02-1999.06,0000005768,男,汉族,河北大名,河北省,邯郸市,大名县,1945.01,,本科
630000,青海省,省委书记,1,,白恩培,1999.06-2001.10,0000000052,男,汉族,陕西清涧,陕西省,榆林市,清涧县,1946.09,1973.06,本科
630000,青海省,省委书记,1,,苏荣,2001.10-2003.08,0000005506,男,汉族,吉林洮南,吉林省,白城市,洮南市,1948.10,1970.01,研究生
630000,青海省,省委书记,1,,赵乐际,2003.08-2007.03,0000007914,男,汉族,陕西西安,陕西省,西安市,,1957.03,1975.07,研究生
630000,青海省,省委书记,1,,强卫,2007.03-2013.03,0000004159,男,汉族,江苏无锡,江苏省,无锡市,,1953.03,1975.03,研究生
630000,青海省,省委书记,1,,骆惠宁,2013.03-2016.06,0000003706,男,汉族,浙江义乌,浙江省,金华市,义乌市,1954.10,1982.03,博士
630000,青海省,省委书记,1,,王国生,2016.06-2018.03,0000005955,男,汉族,山东东阿,山东省,聊城市,东阿县,1956.05,1975.06,研究生
640000,宁夏回族自治区,自治区党委书记,3,,潘自力,1949.10-1951.10,0000004066,,,陕西华县,陕西省,渭南市,华州区,1904.00,,
640000,宁夏回族自治区,自治区党委书记,3,,朱敏,1951.10-1953.01,0000018097,,,,,,,,,
640000,宁夏回族自治区,自治区党委书记,3,,李景林,1953.01-1954.09,0000011388,,,,,,,1909.10,,小学
640000,宁夏回族自治区,自治区党委书记,3,,汪锋,1958.04-1961.01,0000005832,,汉族,,,,,1910.12,,高中
640000,宁夏回族自治区,自治区党委书记,3,,杨静仁,1961.01-文革初期,0000006758,男,回族,甘肃省兰州市,甘肃省,兰州市,,1918.00,,本科
640000,宁夏回族自治区,自治区党委书记,3,,康健民,1970.03-1977.01,0000002144,男,汉族,,,,,1916.00,,
640000,宁夏回族自治区,自治区党委书记,3,,霍士廉,1977.01-1979.02,0000001922,,,山西省忻县,山西省,忻州市,,1909.04,,
640000,宁夏回族自治区,自治区党委书记,3,,李学智,1979.02-1986.12,0000011645,男,,,,,,1923.02,,高中
640000,宁夏回族自治区,自治区党委书记,3,,沈达人,1986.12-1989.12,0000004341,,,,,,,1928.06,1954.09,
640000,宁夏回族自治区,自治区党委书记,3,,黄璜,1989.12-1997.08,0000001753,,,江苏涟水县红窑,江苏省,淮安市,涟水县,1933.00,1949.00,
640000,宁夏回族自治区,自治区党委书记,3,,毛如柏,1997.08-2002.04,0000013046,男,,,,,,1938.05,,本科
640000,宁夏回族自治区,自治区党委书记,3,,陈建国,2002.03-2010.07,0000000387,,汉族,山东荣成,山东省,威海市,荣成市,1945.07,1966.00,本科
640000,宁夏回族自治区,自治区党委书记,3,,张毅,2010.07-2013.03,0000017357,男,汉族,,,,,1950.08,,大专
640000,宁夏回族自治区,自治区党委书记,3,,李建华,2013.03-2017.04,0000002411,,,,,,,,,研究生
640000,宁夏回族自治区,自治区党委书记,3,,石泰峰,2017.04-至今,0000013804,男,汉族,山西榆社,山西省,晋中市,榆社县,1956.09,1982.06,研究生
640000,宁夏回族自治区,自治区主席,4,,潘自力,1949.10-1951.10,0000004066,,,陕西华县,陕西省,渭南市,华州区,1904.00,,
640000,宁夏回族自治区,自治区主席,4,,邢肇棠,1952.01-1954.08,0000015784,,汉族,,,,,1894.00,,
640000,宁夏回族自治区,自治区主席,4,,刘格平,1954.08-1960.09,0000003147,,回族,河北省孟村回族自治县大堤东村,河北省,沧州市,孟村回族自治县,1904.08,,
640000,宁夏回族自治区,自治区主席,4,,杨静仁,1960.09-文革初期,0000006758,男,回族,甘肃省兰州市,甘肃省,兰州市,,1918.00,,本科
640000,宁夏回族自治区,自治区主席,4,,康健民,1968.04-1977.01,0000002144,男,汉族,,,,,1916.00,,
640000,宁夏回族自治区,自治区主席,4,,霍士廉,1977.01-1979.02,0000001922,,,山西省忻县,山西省,忻州市,,1909.04,,
640000,宁夏回族自治区,自治区主席,4,,马信,1979.02-1983.02,0000003836,,回族,河北省宣化县,河北省,张家口市,宣化区,1917.00,1942.03,
640000,宁夏回族自治区,自治区主席,4,,黑伯理,1983.02-1986.07,0000010245,,回族,,,,,1918.00,,
640000,宁夏回族自治区,自治区主席,4,,白立忱,1986.07-1997.09,0000000060,男,回族,辽宁凌源,辽宁省,朝阳市,凌源市,1941.01,1971.04,本科
640000,宁夏回族自治区,自治区主席,4,代,马启智,1997.12-1998.05,0000012923,,回族,,,,,1943.11,,本科
640000,宁夏回族自治区,自治区主席,4,,马启智,1998.05-2007.04,0000012923,,回族,,,,,1943.11,,本科
640000,宁夏回族自治区,自治区主席,4,代,王正伟,2007.05-2008.01,0000005013,男,回族,宁夏同心,宁夏回族自治区,吴忠市,同心县,1957.06,1981.10,博士
640000,宁夏回族自治区,自治区主席,4,,王正伟,2008.01-2013.03,0000005013,男,回族,宁夏同心,宁夏回族自治区,吴忠市,同心县,1957.06,1981.10,博士
640000,宁夏回族自治区,自治区主席,4,代,刘慧,2013.03-2013.04,0000003198,女,回族,天津,天津市,,,1959.12,1985.12,研究生
640000,宁夏回族自治区,自治区主席,4,,刘慧,2013.04-2016.06,0000003198,女,回族,天津,天津市,,,1959.12,1985.12,研究生
640000,宁夏回族自治区,自治区主席,4,代,咸辉,2016.07-2016.09,0000018947,女,回族,甘肃定西,甘肃省,定西市,,1958.03,1976.12,博士
640000,宁夏回族自治区,自治区主席,4,,咸辉,2016.09-至今,0000018947,女,回族,甘肃定西,甘肃省,定西市,,1958.03,1976.12,博士
650000,新疆维吾尔自治区,自治区党委书记,3,,王震,1949.10-1952.06,0000005006,,,,,,,1908.04,,
650000,新疆维吾尔自治区,自治区党委书记,3,,王恩茂,1952.06-文革,0000005914,男,汉族,江西永新,江西省,吉安市,永新县,1913.05,,
650000,新疆维吾尔自治区,自治区党委书记,3,,龙书金,1971.05-1972.07,0000003531,,汉族,,,,,1910.11,,
650000,新疆维吾尔自治区,自治区党委书记,3,,赛福鼎・艾则孜,1972.07-1978.01,0000004295,,维吾尔族,,,,,1915.03,,本科
650000,新疆维吾尔自治区,自治区党委书记,3,,汪锋,1978.01-1981.10,0000005832,,汉族,,,,,1910.12,,高中
650000,新疆维吾尔自治区,自治区党委书记,3,,王恩茂,1981.10-1985.07,0000005914,男,汉族,江西永新,江西省,吉安市,永新县,1913.05,,
650000,新疆维吾尔自治区,自治区党委书记,3,,宋汉良,1985.10-1995.12,0000013895,女,,,,,,,,本科
650000,新疆维吾尔自治区,自治区党委书记,3,代,王乐泉,1994.09-1995.12,0000004609,,汉族,山东寿光,山东省,潍坊市,寿光市,1944.12,,研究生
650000,新疆维吾尔自治区,自治区党委书记,3,,王乐泉,1995.12-2010.04,0000004609,,汉族,山东寿光,山东省,潍坊市,寿光市,1944.12,,研究生
650000,新疆维吾尔自治区,自治区党委书记,3,,张春贤,2010.04-2016.,0000007238,男,汉族,河南禹州,河南省,郑州市,,1953.05,1973.11,研究生
650000,新疆维吾尔自治区,自治区党委书记,3,,陈全国,2016.-至今,0000000480,男,汉族,河南平舆,河南省,驻马店市,平舆县,1955.11,1976.02,博士
650000,新疆维吾尔自治区,自治区主席,4,,包尔汉,1949.02-1955.09,0000008175,,维吾尔族,,,,,1894.00,,
650000,新疆维吾尔自治区,自治区主席,4,,赛福鼎・艾则孜,1955.09-文革,0000004295,,维吾尔族,,,,,1915.03,,本科
650000,新疆维吾尔自治区,自治区主席,4,,龙书金,1968.09-1972.12,0000003531,,汉族,,,,,1910.11,,
650000,新疆维吾尔自治区,自治区主席,4,,赛福鼎・艾则孜,1973.06-1978.01,0000004295,,维吾尔族,,,,,1915.03,,本科
650000,新疆维吾尔自治区,自治区主席,4,,汪锋,1978.01-1979.09,0000005832,,汉族,,,,,1910.12,,高中
650000,新疆维吾尔自治区,自治区主席,4,,司马义・艾买提,1979.09-1985.12,0000013865,男,维吾尔族,,,,,1935.09,,大专
650000,新疆维吾尔自治区,自治区主席,4,,铁木尔・达瓦买提,1985.12-1993.12,0000014396,,,新疆吐鲁番托克逊县,新疆维吾尔自治区,吐鲁番市,托克逊县,,1952.12,研究生
650000,新疆维吾尔自治区,自治区主席,4,代,阿不来提・阿不都热西提,1993.12-1994.03,0000000013,男,维吾尔族,,,,,,,本科
650000,新疆维吾尔自治区,自治区主席,4,,阿不来提・阿不都热西提,1994.03-2003.01,0000000013,男,维吾尔族,,,,,,,本科
650000,新疆维吾尔自治区,自治区主席,4,,司马义・铁力瓦尔地,2003.01-2007.12,0000013868,,,,,,,,,本科
650000,新疆维吾尔自治区,自治区主席,4,代,努尔・白克力,2007.12-2008.01,0000004017,男,维吾尔族,新疆博乐,新疆维吾尔自治区,博尔塔拉蒙古自治州,博乐市,1961.08,1982.12,研究生
650000,新疆维吾尔自治区,自治区主席,4,,努尔・白克力,2008.01-2014.12,0000004017,男,维吾尔族,新疆博乐,新疆维吾尔自治区,博尔塔拉蒙古自治州,博乐市,1961.08,1982.12,研究生
650000,新疆维吾尔自治区,自治区主席,4,代,雪克来提・扎克尔,2014.12-2015.01,0000006592,男,维吾尔族,,,,,,,本科
650000,新疆维吾尔自治区,自治区主席,4,,雪克来提・扎克尔,2015.01-至今,0000006592,男,维吾尔族,,,,,,,本科
